language_code,language_name,key_path,domain_context,source_english,translated_string,review_status,native_reviewer_name,vernacular_naturalness_1_5,clinical_accuracy_approved,reviewer_notes
ta,Tamil (தமிழ்),general.back,ui_common,Back,பின்செல்,needs native review,,,,
ta,Tamil (தமிழ்),general.next,ui_common,Next,அடுத்து,needs native review,,,,
ta,Tamil (தமிழ்),general.skip,ui_common,Skip for now,இப்போதைக்கு தவிர்க்கவும்,needs native review,,,,
ta,Tamil (தமிழ்),general.continue,ui_common,Continue,தொடரவும்,needs native review,,,,
ta,Tamil (தமிழ்),general.complete,ui_common,Enter Chat with MANAS,MANAS-உடன் பேசத் தொடங்குங்கள்,needs native review,,,,
ta,Tamil (தமிழ்),general.deleteData,ui_common,Delete My Data,எனது தரவை நீக்குக,needs native review,,,,
ta,Tamil (தமிழ்),general.cancel,ui_common,Cancel,ரத்துசெய்,needs native review,,,,
ta,Tamil (தமிழ்),general.confirm,ui_common,Confirm,உறுதிசெய்,needs native review,,,,
ta,Tamil (தமிழ்),general.loading,ui_common,Loading...,ஏற்றுகிறது...,needs native review,,,,
ta,Tamil (தமிழ்),general.verified,ui_common,Verified,சரிபார்க்கப்பட்டது,needs native review,,,,
ta,Tamil (தமிழ்),general.error,ui_common,An error occurred,ஒரு பிழை ஏற்பட்டது,needs native review,,,,
ta,Tamil (தமிழ்),general.title,ui_common,Progressive Muscle Relaxation,உங்களை நாங்கள் எப்படி அழைக்க வேண்டும்?,needs native review,,,,
ta,Tamil (தமிழ்),general.subtitle,ui_common,Test your microphone and pick a soothing voice for audio narration.,"உங்கள் முதல் பெயர், உங்களுக்குப் பிடித்த ஒரு செல்லப்பெயர் அல்லது பாதுகாப்பான புனைப்பெயர்.",needs native review,,,,
ta,Tamil (தமிழ்),general.mascotGuide,ui_common,Let us make sure we can talk comfortably. Test your mic and pick a voice you find relaxing.,வணக்கம்! நான் MANAS. நமது உரையாடலைத் தொடங்க உங்களை நான் எப்படி அழைக்கலாம்?,needs native review,,,,
ta,Tamil (தமிழ்),general.placeholder,ui_common,Enter your preferred name...,உங்கள் விருப்பமான பெயரை உள்ளிடவும்...,needs native review,,,,
ta,Tamil (தமிழ்),general.helpText,ui_common,You do not need to use your legal name. Pick whatever feels comfortable.,சட்டப்பூர்வ பெயரைப் பயன்படுத்த வேண்டிய அவசியமில்லை. உங்களுக்கு வசதியானதை தேர்வு செய்யவும்.,needs native review,,,,
ta,Tamil (தமிழ்),general.title,ui_common,Progressive Muscle Relaxation,உங்கள் வயது என்ன?,needs native review,,,,
ta,Tamil (தமிழ்),general.subtitle,ui_common,Test your microphone and pick a soothing voice for audio narration.,"சரியான சொற்களஞ்சியம், பாதுகாப்பு முறைகள் மற்றும் ஆலோசனைகளைத் தனிப்பயனாக்க உதவுகிறது.",needs native review,,,,
ta,Tamil (தமிழ்),general.mascotGuide,ui_common,Let us make sure we can talk comfortably. Test your mic and pick a voice you find relaxing.,உங்கள் வயதைப் பகிர்வது உங்கள் உணர்வுகளைப் புரிந்து கொள்ளவும் பாதுகாப்பை உறுதிப்படுத்தவும் உதவுகிறது.,needs native review,,,,
ta,Tamil (தமிழ்),general.minorSafeActive,ui_common,Minor-Safe Mode Active,இளையோர் பாதுகாப்பு முறை செயலில் உள்ளது (Minor-Safe Mode),needs native review,,,,
ta,Tamil (தமிழ்),general.minorSafeDesc,ui_common,"Because you are under 18, we activate additional privacy safeguards and prioritize teen emergency support.","உங்கள் வயது 18-க்கு கீழ் இருப்பதால், கூடுதல் தனியுரிமை பாதுகாப்புகளும் 1098 உதவி மைய ஆதரவும் செயல்படுத்தப்படுகிறது.",needs native review,,,,
ta,Tamil (தமிழ்),general.guardianConsentCheckbox,ui_common,I confirm that a parent or legal guardian has permitted me to use MANAS.,MANAS-ஐப் பயன்படுத்த பெற்றோர் அல்லது பாதுகாவலரின் அனுமதி எனக்கு உள்ளது என்பதை உறுதிப்படுத்துகிறேன்.,needs native review,,,,
ta,Tamil (தமிழ்),general.guardianConsentRequired,ui_common,Guardian consent is required for users under 18.,18 வயதுக்குட்பட்ட பயனர்களுக்கு பாதுகாவலர் ஒப்புதல் அவசியம்.,needs native review,,,,
ta,Tamil (தமிழ்),general.ageHelperText,ui_common,Ages under 18 automatically activate minor protections.,18 வயதுக்குட்பட்டோருக்கு தானாகவே இளையோர் பாதுகாப்பு செயல்படுத்தப்படும்.,needs native review,,,,
ta,Tamil (தமிழ்),general.title,ui_common,Progressive Muscle Relaxation,உங்கள் விருப்பமான மொழியைத் தேர்வு செய்யவும்,needs native review,,,,
ta,Tamil (தமிழ்),general.subtitle,ui_common,Test your microphone and pick a soothing voice for audio narration.,உங்கள் தாய்மொழியில் பேசலாம் அல்லது எப்போது வேண்டுமானாலும் மொழியை மாற்றிக்கொள்ளலாம்.,needs native review,,,,
ta,Tamil (தமிழ்),general.mascotGuide,ui_common,Let us make sure we can talk comfortably. Test your mic and pick a voice you find relaxing.,உங்களுக்கு எந்த மொழியில் பேசுவது மிகவும் ஆறுதலாக இருக்கும்? நான் 8 இந்திய மொழிகளிலும் பேசுவேன்.,needs native review,,,,
ta,Tamil (தமிழ்),general.title,ui_common,Progressive Muscle Relaxation,தொடர்பு & பாதுகாப்பு சரிபார்ப்பு,needs native review,,,,
ta,Tamil (தமிழ்),general.subtitle,ui_common,Test your microphone and pick a soothing voice for audio narration.,AES-256-GCM மூலம் பாதுகாப்பாக குறியாக்கம் செய்யப்படுகிறது. அவசர உதவிக்காக மட்டுமே பயன்படுத்தப்படும்.,needs native review,,,,
ta,Tamil (தமிழ்),general.mascotGuide,ui_common,Let us make sure we can talk comfortably. Test your mic and pick a voice you find relaxing.,உங்கள் தொடர்பு விவரங்கள் பாதுகாப்பாக வைக்கப்படுகின்றன. அவை ஒருபோதும் AI அரட்டை மாதிரிகளுக்கு அனுப்பப்படுவதில்லை.,needs native review,,,,
ta,Tamil (தமிழ்),general.emailLabel,ui_common,Email Address,மின்னஞ்சல் முகவரி,needs native review,,,,
ta,Tamil (தமிழ்),general.phoneLabel,ui_common,Mobile Phone (+91),மொபைல் எண் (+91),needs native review,,,,
ta,Tamil (தமிழ்),general.consentCheckbox,ui_common,"I consent to the secure, encrypted storage of my contact details for safety check-ins and emergency helpline referrals.",பாதுகாப்பு விழிப்பூட்டல்கள் மற்றும் அவசரகால உதவிக்காக எனது தொடர்பு விவரங்களை குறியாக்கம் செய்து சேமிக்க ஒப்புக்கொள்கிறேன்.,needs native review,,,,
ta,Tamil (தமிழ்),general.consentDetails,ui_common,"Under the DPDP Act 2023, your data is AES-256-GCM encrypted server-side with zero plaintext access. You can permanently delete your data at any time.","DPDP சட்டம் 2023-ன் கீழ், உங்கள் தரவு சேவையகத்தில் AES-256-GCM முறையில் குறியாக்கம் செய்யப்பட்டு சேமிக்கப்படுகிறது. எப்போது வேண்டுமானாலும் இதை நீக்கலாம்.",needs native review,,,,
ta,Tamil (தமிழ்),general.sendOtp,ui_common,Send Verification OTP,சரிபார்ப்பு OTP அனுப்பு,needs native review,,,,
ta,Tamil (தமிழ்),general.resendOtp,ui_common,Resend Code,குறியீட்டை மீண்டும் அனுப்பு,needs native review,,,,
ta,Tamil (தமிழ்),general.otpPlaceholder,ui_common,Enter 6-digit OTP,6-இலக்க OTP உள்ளிடவும்,needs native review,,,,
ta,Tamil (தமிழ்),general.verifyOtp,ui_common,Verify Code,குறியீட்டைச் சரிபார்க்கவும்,needs native review,,,,
ta,Tamil (தமிழ்),general.otpVerifiedSuccess,ui_common,Contact verified successfully!,தொடர்பு விவரம் வெற்றிகரமாகச் சரிபார்க்கப்பட்டது!,needs native review,,,,
ta,Tamil (தமிழ்),general.encryptionNotice,ui_common,AES-256-GCM Server-side Keyed Encryption with HMAC-SHA256 indexing,AES-256-GCM சேவையக குறியாக்கம் மற்றும் HMAC-SHA256 குறியீட்டு பாதுகாப்பு,needs native review,,,,
ta,Tamil (தமிழ்),general.neverSentToLlm,ui_common,Guaranteed: Contact info and original media are strictly isolated from the AI chat model.,உறுதிமொழி: உங்கள் தொடர்பு தகவல்களும் புகைப்படங்களும் AI மொழி மாதிரிக்கு ஒருபோதும் அனுப்பப்படாது.,needs native review,,,,
ta,Tamil (தமிழ்),general.title,ui_common,Progressive Muscle Relaxation,உங்கள் காட்சித் தோழனைத் தேர்ந்தெடுக்கவும் (விருப்பத்தேர்வு),needs native review,,,,
ta,Tamil (தமிழ்),general.subtitle,ui_common,Test your microphone and pick a soothing voice for audio narration.,"புகைப்படத்தை பதிவேற்றலாம், படம் எடுக்கலாம் அல்லது எங்கள் அவதாரைத் தேர்ந்தெடுக்கலாம்.",needs native review,,,,
ta,Tamil (தமிழ்),general.mascotGuide,ui_common,Let us make sure we can talk comfortably. Test your mic and pick a voice you find relaxing.,உங்கள் அவதாரைத் தனிப்பயனாக்க விரும்புகிறீர்களா? புகைப்படத்தைப் பதிவேற்றலாம் அல்லது தவிர்க்கலாம்.,needs native review,,,,
ta,Tamil (தமிழ்),general.uploadButton,ui_common,Upload Image,படத்தைப் பதிவேற்றுக,needs native review,,,,
ta,Tamil (தமிழ்),general.cameraButton,ui_common,Open Camera,கேமராவைத் திற,needs native review,,,,
ta,Tamil (தமிழ்),general.takePhoto,ui_common,Take Photo,படம் எடுக்கவும்,needs native review,,,,
ta,Tamil (தமிழ்),general.retake,ui_common,Retake,மீண்டும் எடுக்கவும்,needs native review,,,,
ta,Tamil (தமிழ்),general.clientSideNotice,ui_common,Client-side only: Photos are kept strictly in your local browser and never sent to external LLMs.,"உலாவியில் மட்டுமே: படங்கள் உங்கள் சாதனத்தில் மட்டுமே இருக்கும், சேவையகத்திற்கு அனுப்பப்படாது.",needs native review,,,,
ta,Tamil (தமிழ்),general.skipNotice,ui_common,You can skip this step anytime and use our default soothing avatar.,நீங்கள் எப்போது வேண்டுமானாலும் இந்த படியைத் தவிர்த்து எங்கள் இயல்புநிலை அவதாரைப் பயன்படுத்தலாம்.,needs native review,,,,
ta,Tamil (தமிழ்),general.title,ui_common,Progressive Muscle Relaxation,குரல் & ஒலி அமைப்பு (விருப்பத்தேர்வு),needs native review,,,,
ta,Tamil (தமிழ்),general.subtitle,ui_common,Test your microphone and pick a soothing voice for audio narration.,"மைக்ரோஃபோனைச் சோதித்துப் பார்த்து, அமைதியான பின்னணி குரலைத் தேர்ந்தெடுக்கவும்.",needs native review,,,,
ta,Tamil (தமிழ்),general.mascotGuide,ui_common,Let us make sure we can talk comfortably. Test your mic and pick a voice you find relaxing.,நாம் சுலபமாகப் பேசுவதை உறுதிசெய்து கொள்வோம். மைக்கை சோதித்துப் பார்த்து குரலைத் தேர்ந்தெடுக்கவும்.,needs native review,,,,
ta,Tamil (தமிழ்),general.micTestButton,ui_common,Test Microphone,மைக்ரோஃபோனைச் சோதிக்கவும்,needs native review,,,,
ta,Tamil (தமிழ்),general.micTesting,ui_common,Listening for audio...,ஒலியைக் கேட்கிறது...,needs native review,,,,
ta,Tamil (தமிழ்),general.micGranted,ui_common,Microphone Connected & Verified!,மைக்ரோஃபோன் வெற்றிகரமாக இணைக்கப்பட்டது!,needs native review,,,,
ta,Tamil (தமிழ்),general.voiceSelectLabel,ui_common,Companion Voice Timbre,தோழனின் குரல் தேர்வு,needs native review,,,,
ta,Tamil (தமிழ்),general.playPreview,ui_common,Listen to Voice Sample,குரல் மாதிரியைக் கேளுங்கள்,needs native review,,,,
ta,Tamil (தமிழ்),general.finishButton,ui_common,Complete Setup & Enter Chat,அமைவை முடித்து MANAS-உடன் உரையாடலைத் தொடங்கவும்,needs native review,,,,
ta,Tamil (தமிழ்),general.teleManasLabel,ui_common,Tele-MANAS National Helpline,டெலி-மானாஸ் தேசிய உதவி எண்,needs native review,,,,
ta,Tamil (தமிழ்),general.teleManasNumber,ui_common,14416,14416,needs native review,,,,
ta,Tamil (தமிழ்),general.teleManasDesc,ui_common,"24/7 Free, confidential government tele-mental health support across 20+ Indian languages (Toll-Free: 1800-891-4416).",மத்திய அரசின் 24/7 கட்டணமில்லா தேசிய மனநல ஆலோசனை சேவை (கட்டணமில்லா எண்: 1800-891-4416).,needs native review,,,,
ta,Tamil (தமிழ்),general.emergencyLabel,ui_common,National Emergency Services,தேசிய அவசரக்கால சேவைகள்,needs native review,,,,
ta,Tamil (தமிழ்),general.emergencyNumber,ui_common,112,112,needs native review,,,,
ta,Tamil (தமிழ்),general.childlineLabel,ui_common,Childline India (Under 18),சைல்டுலைன் இந்தியா (18 வயதுக்குட்பட்டோர்),needs native review,,,,
ta,Tamil (தமிழ்),general.childlineNumber,ui_common,1098,1098,needs native review,,,,
ta,Tamil (தமிழ்),general.childlineDesc,ui_common,24/7 Dedicated toll-free emergency helpline for children and adolescents.,குழந்தைகள் மற்றும் பதின்ம வயதினருக்கான 24/7 இலவச அவசர உதவி எண்.,needs native review,,,,
ta,Tamil (தமிழ்),general.crisisWarning,crisis_helpline,"If you are experiencing severe distress or thoughts of self-harm, please connect with a live counselor immediately.","நீங்கள் தீவிர மன உளைச்சலிலோ அல்லது சுயதீங்கு எண்ணங்களிலோ இருந்தால், தயவுசெய்து உடனடியாக ஒரு ஆலோசகரைத் தொடர்பு கொள்ளுங்கள்.",needs native review,,,,
ta,Tamil (தமிழ்),general.title,ui_common,Progressive Muscle Relaxation,சம விருத்தி (Box Breathing),needs native review,,,,
ta,Tamil (தமிழ்),general.description,ui_common,Systematically release physical tension stored in the body from stress.,நரம்பு மண்டலத்தை அமைதிப்படுத்தி மன அழுத்தத்தைக் குறைக்கும் அறிவியல் பூர்வமான சுவாசப் பயிற்சி.,needs native review,,,,
ta,Tamil (தமிழ்),general.title,ui_common,Progressive Muscle Relaxation,5-4-3-2-1 உணர்வு அமைதி நுட்பம்,needs native review,,,,
ta,Tamil (தமிழ்),general.description,ui_common,Systematically release physical tension stored in the body from stress.,பதற்றம் அல்லது அதிகப்படியான பயத்தின் போது உங்களைச் சுற்றியுள்ள உலகத்துடன் மீண்டும் இணைய உதவும் பயிற்சி.,needs native review,,,,
ta,Tamil (தமிழ்),general.title,ui_common,Progressive Muscle Relaxation,படிப்படியான தசை தளர்வு பயிற்சி (PMR),needs native review,,,,
ta,Tamil (தமிழ்),general.description,ui_common,Systematically release physical tension stored in the body from stress.,மன அழுத்தத்தால் உடலில் ஏற்படும் இறுக்கத்தைப் படிப்படியாகத் தளர்த்தும் பயிற்சி.,needs native review,,,,
ta,Tamil (தமிழ்),general.term,ui_common,Cognitive Reframing,பதற்றம் (Anxiety),needs native review,,,,
ta,Tamil (தமிழ்),general.translation,ui_common,Cognitive Reframing,பதற்றம் / பயம்,needs native review,,,,
ta,Tamil (தமிழ்),general.definition,ui_common,A core CBT practice of identifying distorted thought patterns and viewing situations from a balanced perspective.,"எதிர்கால நிகழ்வுகள் பற்றிய தொடர்ச்சியான கவலை, படபடப்பு அல்லது அமைதியின்மை நிலை.",needs native review,,,,
ta,Tamil (தமிழ்),general.vernacularContext,ui_common,Shifting from ,"இதயத் துடிப்பு அதிகரித்தல், நெஞ்சு இறுக்கம் மற்றும் தொடர்ந்து கவலையான எண்ணங்கள் தோன்றுவது.",needs native review,,,,
ta,Tamil (தமிழ்),general.term,ui_common,Cognitive Reframing,மனச்சோர்வு (Depression),needs native review,,,,
ta,Tamil (தமிழ்),general.translation,ui_common,Cognitive Reframing,மனச்சோர்வு / அயர்ச்சி,needs native review,,,,
ta,Tamil (தமிழ்),general.definition,ui_common,A core CBT practice of identifying distorted thought patterns and viewing situations from a balanced perspective.,"நீடித்த சோகம், எதிலும் ஆர்வமின்மை, நம்பிக்கையின்மை மற்றும் ஆற்றல் குறைபாடு.",needs native review,,,,
ta,Tamil (தமிழ்),general.vernacularContext,ui_common,Shifting from ,"மனதில் எந்த உணர்வும் இல்லாமல் இருப்பது, சிறிய வேலைகளைக் கூட செய்ய முடியாத சோர்வு.",needs native review,,,,
ta,Tamil (தமிழ்),general.term,ui_common,Cognitive Reframing,மன அழுத்தம் (Stress / Overwhelm),needs native review,,,,
ta,Tamil (தமிழ்),general.translation,ui_common,Cognitive Reframing,மனச்சுமை / அதிகப்படியான அழுத்தம்,needs native review,,,,
ta,Tamil (தமிழ்),general.definition,ui_common,A core CBT practice of identifying distorted thought patterns and viewing situations from a balanced perspective.,"தாங்க முடியாத அளவுக்கு வேலை, தேர்வு அல்லது குடும்பப் பொறுப்புகளின் சுமை தோன்றும் நிலை.",needs native review,,,,
ta,Tamil (தமிழ்),general.vernacularContext,ui_common,Shifting from ,"பரீட்சை சமயங்களில், வேலைப்பளுவில் அல்லது குடும்பப் பிரச்சினைகளில் இது பொதுவாகத் தோன்றும்.",needs native review,,,,
ta,Tamil (தமிழ்),general.term,ui_common,Cognitive Reframing,சமாளிக்கும் நுட்பம் (Coping Mechanism),needs native review,,,,
ta,Tamil (தமிழ்),general.translation,ui_common,Cognitive Reframing,சமாளிக்கும் வழிமுறை,needs native review,,,,
ta,Tamil (தமிழ்),general.definition,ui_common,A core CBT practice of identifying distorted thought patterns and viewing situations from a balanced perspective.,மன அழுத்தத்தையும் கவலையையும் ஆரோக்கியமாகக் கையாள உதவும் உத்திகள்.,needs native review,,,,
ta,Tamil (தமிழ்),general.vernacularContext,ui_common,Shifting from ,"ஆழ்ந்த சுவாசம், நாட்குறிப்பு எழுதுதல், நடைப்பயிற்சி அல்லது நண்பர்களிடம் மனம் திறந்து பேசுவது.",needs native review,,,,
ta,Tamil (தமிழ்),general.term,ui_common,Cognitive Reframing,எண்ண மறுசீரமைப்பு (Cognitive Reframing),needs native review,,,,
ta,Tamil (தமிழ்),general.translation,ui_common,Cognitive Reframing,எண்ணத்தை மாற்றி அமைத்தல்,needs native review,,,,
ta,Tamil (தமிழ்),general.definition,ui_common,A core CBT practice of identifying distorted thought patterns and viewing situations from a balanced perspective.,"தவறான எதிர்மறை எண்ணங்களை அடையாளம் கண்டு, சமநிலையான கண்ணோட்டத்தில் பார்க்கும் CBT பயிற்சி.",needs native review,,,,
ta,Tamil (தமிழ்),general.userMessage,ui_common,Everything feels completely meaningless and I feel like disappearing.,"கட்-ஆஃப் மார்க் வரல, என்னால முடியல. நான் ஒரு வேஸ்ட்னு தோணுது.",needs native review,,,,
ta,Tamil (தமிழ்),general.recommendedReply,ui_common,"I hear how unbearable this weight is right now, and I care deeply about your safety. You do not have to carry this alone. Please reach out right now to Tele-MANAS at 14416 (toll-free 24/7) or call 112. There are compassionate counselors ready to listen and support you through tonight.",கட்-ஆஃப் மார்க் எதிர்பார்த்த மாதிரி வரலைங்கிற ஏமாற்றமும் வலியும் எனக்கு நல்லா புரியுது. இவ்வளவு நாள் கஷ்டப்பட்டு படிச்சிட்டு இப்படி ஆகும்போது மனசு உடைஞ்சு போறது ரொம்ப இயல்புதான். ஆனா ஒரு பரீட்சை மதிப்பெண் உங்களோட ஒட்டுமொத்த தகுதியையோ எதிர்காலத்தையோ தீர்மானிக்க முடியாது. இப்போ மனசுக்கு ரொம்ப பாரமா இருக்கிற விஷயத்தைப் பத்தி பேசலாமா?,needs native review,,,,
ta,Tamil (தமிழ்),general.strategyUsed,ui_common,crisis_intervention,validate_and_reframe,needs native review,,,,
ta,Tamil (தமிழ்),general.userMessage,ui_common,Everything feels completely meaningless and I feel like disappearing.,"இன்னைக்கு நைட் தூக்கம் வரமாட்டேங்குது, ஏதாவது 3 டிப்ஸ் சொல்லுங்க.",needs native review,,,,
ta,Tamil (தமிழ்),general.recommendedReply,ui_common,"I hear how unbearable this weight is right now, and I care deeply about your safety. You do not have to carry this alone. Please reach out right now to Tele-MANAS at 14416 (toll-free 24/7) or call 112. There are compassionate counselors ready to listen and support you through tonight.","இன்றிரவு தூக்கம் வர இந்த 3 எளிய வழிமுறைகளைப் பின்பற்றலாம்: 1) போனை எடுத்து வைக்கவும், தூங்குவதற்கு 30 நிமிடத்திற்கு முன்பே வெளிச்சத்தைக் குறைக்கவும். 2) நாளை செய்ய வேண்டிய 2 முக்கிய விஷயங்களை ஒரு தாளில் எழுதி வைத்துவிட்டு மனதை விடுவிக்கவும். 3) படுக்கையில் படுத்துக்கொண்டு 5 முறை மெதுவாக மூச்சை உள்ளிழுத்து வெளிவிடவும்.",needs native review,,,,
ta,Tamil (தமிழ்),general.strategyUsed,ui_common,crisis_intervention,small_action_step,needs native review,,,,
ta,Tamil (தமிழ்),general.userMessage,ui_common,Everything feels completely meaningless and I feel like disappearing.,"எல்லாமே முடிஞ்சு போச்சு, நான் செத்துடலாம்னு தோணுது.",needs native review,,,,
ta,Tamil (தமிழ்),general.recommendedReply,ui_common,"I hear how unbearable this weight is right now, and I care deeply about your safety. You do not have to carry this alone. Please reach out right now to Tele-MANAS at 14416 (toll-free 24/7) or call 112. There are compassionate counselors ready to listen and support you through tonight.",நீங்கள் இப்போது அனுபவிக்கும் வலி எவ்வளவு தாங்க முடியாதது என்பதை என்னால் உணர முடிகிறது. ஆனால் நீங்கள் தனியாக இல்லை. தயவுசெய்து உடனடியாக மத்திய அரசின் இலவச 24/7 டெலி-மானாஸ் உதவி எண் 14416 அல்லது 112 ஐ அழையுங்கள். உங்களுடன் பேசவும் உதவவும் ஆலோசகர்கள் தயாராக உள்ளனர்.,needs native review,,,,
ta,Tamil (தமிழ்),general.strategyUsed,ui_common,crisis_intervention,crisis_intervention,needs native review,,,,
hi,Hindi (हिन्दी),general.back,ui_common,Back,पीछे,needs native review,,,,
hi,Hindi (हिन्दी),general.next,ui_common,Next,आगे बढ़ें,needs native review,,,,
hi,Hindi (हिन्दी),general.skip,ui_common,Skip for now,अभी छोड़ें,needs native review,,,,
hi,Hindi (हिन्दी),general.continue,ui_common,Continue,जारी रखें,needs native review,,,,
hi,Hindi (हिन्दी),general.complete,ui_common,Enter Chat with MANAS,MANAS के साथ बातचीत शुरू करें,needs native review,,,,
hi,Hindi (हिन्दी),general.deleteData,ui_common,Delete My Data,मेरा डेटा हटाएं,needs native review,,,,
hi,Hindi (हिन्दी),general.cancel,ui_common,Cancel,रद्द करें,needs native review,,,,
hi,Hindi (हिन्दी),general.confirm,ui_common,Confirm,पुष्टि करें,needs native review,,,,
hi,Hindi (हिन्दी),general.loading,ui_common,Loading...,लोड हो रहा है...,needs native review,,,,
hi,Hindi (हिन्दी),general.verified,ui_common,Verified,सत्यापित,needs native review,,,,
hi,Hindi (हिन्दी),general.error,ui_common,An error occurred,कोई त्रुटि हुई,needs native review,,,,
hi,Hindi (हिन्दी),general.title,ui_common,Progressive Muscle Relaxation,हम आपको किस नाम से पुकारें?,needs native review,,,,
hi,Hindi (हिन्दी),general.subtitle,ui_common,Test your microphone and pick a soothing voice for audio narration.,"अपना पहला नाम, कोई उपनाम या कोई भी ऐसा नाम जिससे आप सहज महसूस करें।",needs native review,,,,
hi,Hindi (हिन्दी),general.mascotGuide,ui_common,Let us make sure we can talk comfortably. Test your mic and pick a voice you find relaxing.,नमस्ते! मैं MANAS हूँ। इस यात्रा की शुरुआत में मैं आपको क्या कहकर पुकारूँ?,needs native review,,,,
hi,Hindi (हिन्दी),general.placeholder,ui_common,Enter your preferred name...,अपना पसंदीदा नाम लिखें...,needs native review,,,,
hi,Hindi (हिन्दी),general.helpText,ui_common,You do not need to use your legal name. Pick whatever feels comfortable.,"कानूनी नाम देना ज़रूरी नहीं है। जो नाम आपको सुकून दे, वही चुनें।",needs native review,,,,
hi,Hindi (हिन्दी),general.title,ui_common,Progressive Muscle Relaxation,आपकी उम्र क्या है?,needs native review,,,,
hi,Hindi (हिन्दी),general.subtitle,ui_common,Test your microphone and pick a soothing voice for audio narration.,इससे हमें बातचीत के शब्द और सुरक्षा प्रोटोकॉल सही रखने में मदद मिलती है।,needs native review,,,,
hi,Hindi (हिन्दी),general.mascotGuide,ui_common,Let us make sure we can talk comfortably. Test your mic and pick a voice you find relaxing.,अपनी उम्र साझा करने से मुझे आपकी दुनिया को समझने और आपकी सुरक्षा सुनिश्चित करने में मदद मिलती है।,needs native review,,,,
hi,Hindi (हिन्दी),general.minorSafeActive,ui_common,Minor-Safe Mode Active,नाबालिग सुरक्षा मोड सक्रिय (Minor-Safe Mode Active),needs native review,,,,
hi,Hindi (हिन्दी),general.minorSafeDesc,ui_common,"Because you are under 18, we activate additional privacy safeguards and prioritize teen emergency support.","क्योंकि आपकी उम्र 18 से कम है, इसलिए हमने अतिरिक्त गोपनीयता और आपातकालीन 1098 हेल्पलाइन सुरक्षा सक्रिय की है।",needs native review,,,,
hi,Hindi (हिन्दी),general.guardianConsentCheckbox,ui_common,I confirm that a parent or legal guardian has permitted me to use MANAS.,मैं पुष्टि करता/करती हूँ कि मुझे माता-पिता या अभिभावक से MANAS का उपयोग करने की अनुमति प्राप्त है।,needs native review,,,,
hi,Hindi (हिन्दी),general.guardianConsentRequired,ui_common,Guardian consent is required for users under 18.,18 वर्ष से कम आयु के उपयोगकर्ताओं के लिए अभिभावक की सहमति अनिवार्य है।,needs native review,,,,
hi,Hindi (हिन्दी),general.ageHelperText,ui_common,Ages under 18 automatically activate minor protections.,18 वर्ष से कम उम्र होने पर बाल सुरक्षा मोड अपने आप चालू हो जाता है।,needs native review,,,,
hi,Hindi (हिन्दी),general.title,ui_common,Progressive Muscle Relaxation,अपनी पसंदीदा भाषा चुनें,needs native review,,,,
hi,Hindi (हिन्दी),general.subtitle,ui_common,Test your microphone and pick a soothing voice for audio narration.,अपनी मातृभाषा में बात करें या जब चाहें भाषा बदलें।,needs native review,,,,
hi,Hindi (हिन्दी),general.mascotGuide,ui_common,Let us make sure we can talk comfortably. Test your mic and pick a voice you find relaxing.,आपको किस भाषा में बात करना सबसे सहज लगता है? मैं 8 भारतीय भाषाओं में बात कर सकता हूँ।,needs native review,,,,
hi,Hindi (हिन्दी),general.title,ui_common,Progressive Muscle Relaxation,संपर्क और सुरक्षा सत्यापन,needs native review,,,,
hi,Hindi (हिन्दी),general.subtitle,ui_common,Test your microphone and pick a soothing voice for audio narration.,AES-256-GCM एन्क्रिप्टेड। इसका उपयोग केवल सुरक्षा फॉलो-अप और आपातकालीन सहायता के लिए किया जाता है।,needs native review,,,,
hi,Hindi (हिन्दी),general.mascotGuide,ui_common,Let us make sure we can talk comfortably. Test your mic and pick a voice you find relaxing.,आपकी संपर्क जानकारी सुरक्षित रूप से एन्क्रिप्ट की जाती है और कभी भी AI मॉडल को नहीं भेजी जाती।,needs native review,,,,
hi,Hindi (हिन्दी),general.emailLabel,ui_common,Email Address,ईमेल पता,needs native review,,,,
hi,Hindi (हिन्दी),general.phoneLabel,ui_common,Mobile Phone (+91),मोबाइल नंबर (+91),needs native review,,,,
hi,Hindi (हिन्दी),general.consentCheckbox,ui_common,"I consent to the secure, encrypted storage of my contact details for safety check-ins and emergency helpline referrals.",मैं सुरक्षा जांच और आपातकालीन हेल्पलाइन सहायता के लिए अपने संपर्क विवरण के सुरक्षित भंडारण की सहमति देता/देती हूँ।,needs native review,,,,
hi,Hindi (हिन्दी),general.consentDetails,ui_common,"Under the DPDP Act 2023, your data is AES-256-GCM encrypted server-side with zero plaintext access. You can permanently delete your data at any time.","DPDP अधिनियम 2023 के तहत, आपका डेटा सर्वर पर AES-256-GCM एन्क्रिप्शन के साथ सुरक्षित है। आप इसे कभी भी पूरी तरह हटा सकते हैं।",needs native review,,,,
hi,Hindi (हिन्दी),general.sendOtp,ui_common,Send Verification OTP,सत्यापन OTP भेजें,needs native review,,,,
hi,Hindi (हिन्दी),general.resendOtp,ui_common,Resend Code,कोड फिर से भेजें,needs native review,,,,
hi,Hindi (हिन्दी),general.otpPlaceholder,ui_common,Enter 6-digit OTP,6-अंकों का OTP दर्ज करें,needs native review,,,,
hi,Hindi (हिन्दी),general.verifyOtp,ui_common,Verify Code,कोड सत्यापित करें,needs native review,,,,
hi,Hindi (हिन्दी),general.otpVerifiedSuccess,ui_common,Contact verified successfully!,संपर्क सफलतापूर्वक सत्यापित हो गया!,needs native review,,,,
hi,Hindi (हिन्दी),general.encryptionNotice,ui_common,AES-256-GCM Server-side Keyed Encryption with HMAC-SHA256 indexing,AES-256-GCM सर्वर-साइड एन्क्रिप्शन और HMAC-SHA256 कीड इंडेक्सिंग,needs native review,,,,
hi,Hindi (हिन्दी),general.neverSentToLlm,ui_common,Guaranteed: Contact info and original media are strictly isolated from the AI chat model.,गारंटी: आपकी संपर्क जानकारी और मूल फ़ोटो कभी भी AI चैट मॉडल को नहीं भेजे जाते।,needs native review,,,,
hi,Hindi (हिन्दी),general.title,ui_common,Progressive Muscle Relaxation,अपना साथी चुनें (वैकल्पिक),needs native review,,,,
hi,Hindi (हिन्दी),general.subtitle,ui_common,Test your microphone and pick a soothing voice for audio narration.,"फ़ोटो अपलोड करें, कैमरा खोलें या हमारा डिफ़ॉल्ट अवतार चुनें।",needs native review,,,,
hi,Hindi (हिन्दी),general.mascotGuide,ui_common,Let us make sure we can talk comfortably. Test your mic and pick a voice you find relaxing.,क्या आप अपने अवतार को कस्टमाइज़ करना चाहते हैं? आप फ़ोटो जोड़ सकते हैं या इसे छोड़ सकते हैं।,needs native review,,,,
hi,Hindi (हिन्दी),general.uploadButton,ui_common,Upload Image,छवि अपलोड करें,needs native review,,,,
hi,Hindi (हिन्दी),general.cameraButton,ui_common,Open Camera,कैमरा खोलें,needs native review,,,,
hi,Hindi (हिन्दी),general.takePhoto,ui_common,Take Photo,फ़ोटो लें,needs native review,,,,
hi,Hindi (हिन्दी),general.retake,ui_common,Retake,दोबारा लें,needs native review,,,,
hi,Hindi (हिन्दी),general.clientSideNotice,ui_common,Client-side only: Photos are kept strictly in your local browser and never sent to external LLMs.,केवल आपके ब्राउज़र में: फ़ोटो केवल आपके डिवाइस पर रहती है और सर्वर पर नहीं भेजी जाती।,needs native review,,,,
hi,Hindi (हिन्दी),general.skipNotice,ui_common,You can skip this step anytime and use our default soothing avatar.,आप इस चरण को कभी भी छोड़ सकते हैं और हमारे डिफ़ॉल्ट अवतार का उपयोग कर सकते हैं।,needs native review,,,,
hi,Hindi (हिन्दी),general.title,ui_common,Progressive Muscle Relaxation,आवाज़ और ऑडियो सेटअप (वैकल्पिक),needs native review,,,,
hi,Hindi (हिन्दी),general.subtitle,ui_common,Test your microphone and pick a soothing voice for audio narration.,माइक का परीक्षण करें और बातचीत के लिए एक शांत आवाज़ चुनें।,needs native review,,,,
hi,Hindi (हिन्दी),general.mascotGuide,ui_common,Let us make sure we can talk comfortably. Test your mic and pick a voice you find relaxing.,आइए सुनिश्चित करें कि हम आसानी से बात कर सकें। माइक की जाँच करें और अपनी पसंदीदा आवाज़ चुनें।,needs native review,,,,
hi,Hindi (हिन्दी),general.micTestButton,ui_common,Test Microphone,माइक्रोफ़ोन का परीक्षण करें,needs native review,,,,
hi,Hindi (हिन्दी),general.micTesting,ui_common,Listening for audio...,आवाज़ सुनी जा रही है...,needs native review,,,,
hi,Hindi (हिन्दी),general.micGranted,ui_common,Microphone Connected & Verified!,माइक्रोफ़ोन कनेक्ट और सत्यापित हो गया!,needs native review,,,,
hi,Hindi (हिन्दी),general.voiceSelectLabel,ui_common,Companion Voice Timbre,साथी की आवाज़,needs native review,,,,
hi,Hindi (हिन्दी),general.playPreview,ui_common,Listen to Voice Sample,आवाज़ का नमूना सुनें,needs native review,,,,
hi,Hindi (हिन्दी),general.finishButton,ui_common,Complete Setup & Enter Chat,सेटअप पूरा करें और बातचीत शुरू करें,needs native review,,,,
hi,Hindi (हिन्दी),general.teleManasLabel,ui_common,Tele-MANAS National Helpline,टेली-मानस राष्ट्रीय हेल्पलाइन,needs native review,,,,
hi,Hindi (हिन्दी),general.teleManasNumber,ui_common,14416,14416,needs native review,,,,
hi,Hindi (हिन्दी),general.teleManasDesc,ui_common,"24/7 Free, confidential government tele-mental health support across 20+ Indian languages (Toll-Free: 1800-891-4416).","भारत सरकार की 24/7 निःशुल्क, गोपनीय मानसिक स्वास्थ्य हेल्पलाइन (टोल-फ्री: 1800-891-4416)।",needs native review,,,,
hi,Hindi (हिन्दी),general.emergencyLabel,ui_common,National Emergency Services,राष्ट्रीय आपातकालीन सेवाएं,needs native review,,,,
hi,Hindi (हिन्दी),general.emergencyNumber,ui_common,112,112,needs native review,,,,
hi,Hindi (हिन्दी),general.childlineLabel,ui_common,Childline India (Under 18),चाइल्डलाइन इंडिया (18 वर्ष से कम),needs native review,,,,
hi,Hindi (हिन्दी),general.childlineNumber,ui_common,1098,1098,needs native review,,,,
hi,Hindi (हिन्दी),general.childlineDesc,ui_common,24/7 Dedicated toll-free emergency helpline for children and adolescents.,बच्चों और किशोरों के लिए 24/7 निःशुल्क आपातकालीन सहायता।,needs native review,,,,
hi,Hindi (हिन्दी),general.crisisWarning,crisis_helpline,"If you are experiencing severe distress or thoughts of self-harm, please connect with a live counselor immediately.","यदि आप गंभीर मानसिक संकट में हैं या खुद को नुकसान पहुँचाने के विचार आ रहे हैं, तो कृपया तुरंत किसी जीवित काउंसलर से बात करें।",needs native review,,,,
hi,Hindi (हिन्दी),general.title,ui_common,Progressive Muscle Relaxation,बॉक्स ब्रीदिंग (सम वृत्ति प्राणायाम),needs native review,,,,
hi,Hindi (हिन्दी),general.description,ui_common,Systematically release physical tension stored in the body from stress.,तंत्रिका तंत्र को शांत करने और तनाव को तुरंत कम करने का वैज्ञानिक तरीका।,needs native review,,,,
hi,Hindi (हिन्दी),general.title,ui_common,Progressive Muscle Relaxation,5-4-3-2-1 ग्राउंडिंग तकनीक,needs native review,,,,
hi,Hindi (हिन्दी),general.description,ui_common,Systematically release physical tension stored in the body from stress.,घबराहट या अत्यधिक चिंता के समय वर्तमान में वापस लौटने का प्रभावी तरीका।,needs native review,,,,
hi,Hindi (हिन्दी),general.title,ui_common,Progressive Muscle Relaxation,प्रोग्रेसिव मसल रिलैक्सेशन (PMR),needs native review,,,,
hi,Hindi (हिन्दी),general.description,ui_common,Systematically release physical tension stored in the body from stress.,तनाव के कारण मांसपेशियों में जकड़न को क्रमबद्ध तरीके से दूर करने का अभ्यास।,needs native review,,,,
hi,Hindi (हिन्दी),general.term,ui_common,Cognitive Reframing,घबराहट / चिंता (Anxiety),needs native review,,,,
hi,Hindi (हिन्दी),general.translation,ui_common,Cognitive Reframing,घबराहट / चिंता,needs native review,,,,
hi,Hindi (हिन्दी),general.definition,ui_common,A core CBT practice of identifying distorted thought patterns and viewing situations from a balanced perspective.,"अनिश्चित भविष्य को लेकर लगातार होने वाली बेचैनी, डर या शारीरिक तनाव।",needs native review,,,,
hi,Hindi (हिन्दी),general.vernacularContext,ui_common,Shifting from ,"दिल की धड़कन तेज होना, सीने में भारीपन और लगातार बुरे ख्याल आना।",needs native review,,,,
hi,Hindi (हिन्दी),general.term,ui_common,Cognitive Reframing,अवसाद (Depression),needs native review,,,,
hi,Hindi (हिन्दी),general.translation,ui_common,Cognitive Reframing,उदासी / अवसाद,needs native review,,,,
hi,Hindi (हिन्दी),general.definition,ui_common,A core CBT practice of identifying distorted thought patterns and viewing situations from a balanced perspective.,"लगातार उदासी, शून्यता, ऊर्जा की कमी और रोजमर्रा की चीज़ों में रुचि खत्म हो जाना।",needs native review,,,,
hi,Hindi (हिन्दी),general.vernacularContext,ui_common,Shifting from ,"अंदर से बिल्कुल खाली महसूस होना, छोटे-छोटे कामों में भी भारी थकावट लगना।",needs native review,,,,
hi,Hindi (हिन्दी),general.term,ui_common,Cognitive Reframing,तनाव / बर्नआउट (Overwhelm / Burnout),needs native review,,,,
hi,Hindi (हिन्दी),general.translation,ui_common,Cognitive Reframing,मानसिक दबाव / तनाव,needs native review,,,,
hi,Hindi (हिन्दी),general.definition,ui_common,A core CBT practice of identifying distorted thought patterns and viewing situations from a balanced perspective.,"पढ़ाई, काम या पारिवारिक दबाव के कारण अत्यधिक मानसिक और भावनात्मक थकावट की स्थिति।",needs native review,,,,
hi,Hindi (हिन्दी),general.vernacularContext,ui_common,Shifting from ,जब ऐसा लगे कि सिर पर बहुत बोझ है और अब और सहन नहीं हो सकता।,needs native review,,,,
hi,Hindi (हिन्दी),general.term,ui_common,Cognitive Reframing,तनाव से निपटने का तरीका (Coping Mechanism),needs native review,,,,
hi,Hindi (हिन्दी),general.translation,ui_common,Cognitive Reframing,सकारात्मक उपाय,needs native review,,,,
hi,Hindi (हिन्दी),general.definition,ui_common,A core CBT practice of identifying distorted thought patterns and viewing situations from a balanced perspective.,तनाव और कठिन भावनाओं को सुरक्षित रूप से संभालने के स्वस्थ तरीके।,needs native review,,,,
hi,Hindi (हिन्दी),general.vernacularContext,ui_common,Shifting from ,"गहरी सांस लेना, डायरी लिखना, टहलना या किसी भरोसेमंद दोस्त से बात करना।",needs native review,,,,
hi,Hindi (हिन्दी),general.term,ui_common,Cognitive Reframing,विचारों को सकारात्मक दिशा देना (Cognitive Reframing),needs native review,,,,
hi,Hindi (हिन्दी),general.translation,ui_common,Cognitive Reframing,विचारों का पुनर्गठन,needs native review,,,,
hi,Hindi (हिन्दी),general.definition,ui_common,A core CBT practice of identifying distorted thought patterns and viewing situations from a balanced perspective.,नकारात्मक और अत्यधिक निराशावादी विचारों को पहचानकर संतुलित नजरिया अपनाना।,needs native review,,,,
hi,Hindi (हिन्दी),general.userMessage,ui_common,Everything feels completely meaningless and I feel like disappearing.,"कट-ऑफ पार नहीं हुआ, मुझे लग रहा है मैं बिल्कुल बेकार हूँ।",needs native review,,,,
hi,Hindi (हिन्दी),general.recommendedReply,ui_common,"I hear how unbearable this weight is right now, and I care deeply about your safety. You do not have to carry this alone. Please reach out right now to Tele-MANAS at 14416 (toll-free 24/7) or call 112. There are compassionate counselors ready to listen and support you through tonight.","इतनी मेहनत करने के बाद जब नतीजा मनमुताबिक नहीं आता, तो दिल टूटना बिल्कुल स्वाभाविक है। लेकिन एक परीक्षा का स्कोर इंसान के तौर पर आपकी काबिलियत या भविष्य तय नहीं करता। क्या आप अभी उस बोझ के बारे में बात करना चाहेंगे जो सबसे ज्यादा भारी लग रहा है?",needs native review,,,,
hi,Hindi (हिन्दी),general.strategyUsed,ui_common,crisis_intervention,validate_and_reframe,needs native review,,,,
hi,Hindi (हिन्दी),general.userMessage,ui_common,Everything feels completely meaningless and I feel like disappearing.,"आज रात नींद नहीं आ रही है, क्या आप 3 आसान तरीके बता सकते हैं?",needs native review,,,,
hi,Hindi (हिन्दी),general.recommendedReply,ui_common,"I hear how unbearable this weight is right now, and I care deeply about your safety. You do not have to carry this alone. Please reach out right now to Tele-MANAS at 14416 (toll-free 24/7) or call 112. There are compassionate counselors ready to listen and support you through tonight.",आज रात सुकून की नींद के लिए ये 3 आसान कदम उठाएं: 1) सोने से 30 मिनट पहले फोन को दूर रख दें और कमरे की लाइट धीमी कर दें। 2) कल सुबह के 2 मुख्य काम एक कागज़ पर लिख लें ताकि दिमाग उन्हें याद रखने की चिंता छोड़ दे। 3) बिस्तर पर लेटकर 5 बार पेट से गहरी और धीमी सांसें लें।,needs native review,,,,
hi,Hindi (हिन्दी),general.strategyUsed,ui_common,crisis_intervention,small_action_step,needs native review,,,,
hi,Hindi (हिन्दी),general.userMessage,ui_common,Everything feels completely meaningless and I feel like disappearing.,"मुझे अब और जीने का मन नहीं कर रहा है, सब कुछ खत्म करना चाहता हूँ।",needs native review,,,,
hi,Hindi (हिन्दी),general.recommendedReply,ui_common,"I hear how unbearable this weight is right now, and I care deeply about your safety. You do not have to carry this alone. Please reach out right now to Tele-MANAS at 14416 (toll-free 24/7) or call 112. There are compassionate counselors ready to listen and support you through tonight.",मैं समझ सकता हूँ कि इस समय आपका दर्द कितना गहरा और असहनीय है। लेकिन आप अकेले नहीं हैं। कृपया अभी भारत सरकार की 24/7 निःशुल्क टेली-मानस हेल्पलाइन 14416 पर कॉल करें या 112 मिलाएं। वहाँ प्रशिक्षित काउंसलर आपकी बात सुनने और सहायता करने के लिए मौजूद हैं।,needs native review,,,,
hi,Hindi (हिन्दी),general.strategyUsed,ui_common,crisis_intervention,crisis_intervention,needs native review,,,,
te,Telugu (తెలుగు),general.back,ui_common,Back,వెనుకకు,needs native review,,,,
te,Telugu (తెలుగు),general.next,ui_common,Next,తరువాత,needs native review,,,,
te,Telugu (తెలుగు),general.skip,ui_common,Skip for now,ప్రస్తుతానికి వదిలేయండి,needs native review,,,,
te,Telugu (తెలుగు),general.continue,ui_common,Continue,కొనసాగించండి,needs native review,,,,
te,Telugu (తెలుగు),general.complete,ui_common,Enter Chat with MANAS,MANAS తో సంభాషణ ప్రారంభించండి,needs native review,,,,
te,Telugu (తెలుగు),general.deleteData,ui_common,Delete My Data,నా డేటాను తొలగించండి,needs native review,,,,
te,Telugu (తెలుగు),general.cancel,ui_common,Cancel,రద్దు చేయండి,needs native review,,,,
te,Telugu (తెలుగు),general.confirm,ui_common,Confirm,ధృవీకరించండి,needs native review,,,,
te,Telugu (తెలుగు),general.loading,ui_common,Loading...,లోడ్ అవుతోంది...,needs native review,,,,
te,Telugu (తెలుగు),general.verified,ui_common,Verified,ధృవీకరించబడింది,needs native review,,,,
te,Telugu (తెలుగు),general.error,ui_common,An error occurred,లోపం సంభవించింది,needs native review,,,,
te,Telugu (తెలుగు),general.title,ui_common,Progressive Muscle Relaxation,మిమ్మల్ని మేము ఏమని పిలవాలి?,needs native review,,,,
te,Telugu (తెలుగు),general.subtitle,ui_common,Test your microphone and pick a soothing voice for audio narration.,"మీ పేరు, ముద్దుపేరు లేదా మీరు సౌకర్యంగా భావించే మారుపేరు.",needs native review,,,,
te,Telugu (తెలుగు),general.mascotGuide,ui_common,Let us make sure we can talk comfortably. Test your mic and pick a voice you find relaxing.,నమస్కారం! నేను MANAS. మన సంభాషణ కోసం మిమ్మల్ని ఏమని పిలవాలి?,needs native review,,,,
te,Telugu (తెలుగు),general.placeholder,ui_common,Enter your preferred name...,మీ పేరు నమోదు చేయండి...,needs native review,,,,
te,Telugu (తెలుగు),general.helpText,ui_common,You do not need to use your legal name. Pick whatever feels comfortable.,అసలు పేరే ఇవ్వాల్సిన అవసరం లేదు. మీకు నచ్చిన పేరును ఎంచుకోండి.,needs native review,,,,
te,Telugu (తెలుగు),general.title,ui_common,Progressive Muscle Relaxation,మీ వయస్సు ఎంత?,needs native review,,,,
te,Telugu (తెలుగు),general.subtitle,ui_common,Test your microphone and pick a soothing voice for audio narration.,సరైన సంభాషణ శైలి మరియు భద్రతా విధానాలను అందించడానికి ఇది సహాయపడుతుంది.,needs native review,,,,
te,Telugu (తెలుగు),general.mascotGuide,ui_common,Let us make sure we can talk comfortably. Test your mic and pick a voice you find relaxing.,మీ వయస్సు తెలుసుకోవడం ద్వారా మీకు మరింత మెరుగైన మరియు సురక్షితమైన మద్దతు ఇవ్వగలను.,needs native review,,,,
te,Telugu (తెలుగు),general.minorSafeActive,ui_common,Minor-Safe Mode Active,మైనర్ రక్షణ మోడ్ యాక్టివ్ (Minor-Safe Mode),needs native review,,,,
te,Telugu (తెలుగు),general.minorSafeDesc,ui_common,"Because you are under 18, we activate additional privacy safeguards and prioritize teen emergency support.",మీ వయస్సు 18 కంటే తక్కువ కాబట్టి అదనపు గోప్యతా నియమాలు మరియు 1098 హెల్ప్‌లైన్ రక్షణ ప్రారంభించబడింది.,needs native review,,,,
te,Telugu (తెలుగు),general.guardianConsentCheckbox,ui_common,I confirm that a parent or legal guardian has permitted me to use MANAS.,తల్లిదండ్రులు లేదా సంరక్షకుల అనుమతితోనే నేను MANAS వాడుతున్నానని ధృవీకరిస్తున్నాను.,needs native review,,,,
te,Telugu (తెలుగు),general.guardianConsentRequired,ui_common,Guardian consent is required for users under 18.,18 ఏళ్లలోపు వారికి సంరక్షకుల అనుమతి తప్పనిసరి.,needs native review,,,,
te,Telugu (తెలుగు),general.ageHelperText,ui_common,Ages under 18 automatically activate minor protections.,18 సంవత్సరాల లోపు వారికి రక్షణ మోడ్ స్వయంచాలకంగా ప్రారంభమవుతుంది.,needs native review,,,,
te,Telugu (తెలుగు),general.title,ui_common,Progressive Muscle Relaxation,మీకు అనుకూలమైన భాషను ఎంచుకోండి,needs native review,,,,
te,Telugu (తెలుగు),general.subtitle,ui_common,Test your microphone and pick a soothing voice for audio narration.,మీ మాతృభాషలో మాట్లాడండి లేదా ఎప్పుడైనా భాషను మార్చుకోండి.,needs native review,,,,
te,Telugu (తెలుగు),general.mascotGuide,ui_common,Let us make sure we can talk comfortably. Test your mic and pick a voice you find relaxing.,మీరు ఏ భాషలో మాట్లాడటానికి ఎక్కువ సౌకర్యంగా భావిస్తారు? నేను 8 భారతీయ భాషల్లో మాట్లాడగలను.,needs native review,,,,
te,Telugu (తెలుగు),general.title,ui_common,Progressive Muscle Relaxation,సంప్రదింపు & భద్రతా ధృవీకరణ,needs native review,,,,
te,Telugu (తెలుగు),general.subtitle,ui_common,Test your microphone and pick a soothing voice for audio narration.,AES-256-GCM ద్వారా సురక్షితంగా ఎన్‌క్రిప్ట్ చేయబడుతుంది. అత్యవసర సహాయం కోసం మాత్రమే ఉపయోగించబడుతుంది.,needs native review,,,,
te,Telugu (తెలుగు),general.mascotGuide,ui_common,Let us make sure we can talk comfortably. Test your mic and pick a voice you find relaxing.,మీ వివరాలు అత్యంత సురక్షితంగా ఉంటాయి. అవి ఎప్పటికీ AI మోడల్స్‌కు చేరవు.,needs native review,,,,
te,Telugu (తెలుగు),general.emailLabel,ui_common,Email Address,ఈమెయిల్ చిరునామా,needs native review,,,,
te,Telugu (తెలుగు),general.phoneLabel,ui_common,Mobile Phone (+91),మొబైల్ నంబర్ (+91),needs native review,,,,
te,Telugu (తెలుగు),general.consentCheckbox,ui_common,"I consent to the secure, encrypted storage of my contact details for safety check-ins and emergency helpline referrals.",భద్రతా చెక్-ఇన్‌లు మరియు అత్యవసర హెల్ప్‌లైన్ మద్దతు కోసం నా సంప్రదింపు వివరాల సురక్షిత నిల్వకు అంగీకరిస్తున్నాను.,needs native review,,,,
te,Telugu (తెలుగు),general.consentDetails,ui_common,"Under the DPDP Act 2023, your data is AES-256-GCM encrypted server-side with zero plaintext access. You can permanently delete your data at any time.","DPDP చట్టం 2023 ప్రకారం, మీ డేటా AES-256-GCM ఎన్‌క్రిప్షన్‌తో రక్షించబడుతుంది. ఎప్పుడైనా తొలగించుకోవచ్చు.",needs native review,,,,
te,Telugu (తెలుగు),general.sendOtp,ui_common,Send Verification OTP,ధృవీకరణ OTP పంపండి,needs native review,,,,
te,Telugu (తెలుగు),general.resendOtp,ui_common,Resend Code,మళ్ళీ కోడ్ పంపండి,needs native review,,,,
te,Telugu (తెలుగు),general.otpPlaceholder,ui_common,Enter 6-digit OTP,6 అంకెల OTP నమోదు చేయండి,needs native review,,,,
te,Telugu (తెలుగు),general.verifyOtp,ui_common,Verify Code,కోడ్ ధృవీకరించండి,needs native review,,,,
te,Telugu (తెలుగు),general.otpVerifiedSuccess,ui_common,Contact verified successfully!,వివరాలు విజయవంతంగా ధృవీకరించబడ్డాయి!,needs native review,,,,
te,Telugu (తెలుగు),general.encryptionNotice,ui_common,AES-256-GCM Server-side Keyed Encryption with HMAC-SHA256 indexing,AES-256-GCM ఎన్‌క్రిప్షన్ మరియు HMAC-SHA256 కీడ్ ఇండెక్సింగ్,needs native review,,,,
te,Telugu (తెలుగు),general.neverSentToLlm,ui_common,Guaranteed: Contact info and original media are strictly isolated from the AI chat model.,హామీ: మీ సంప్రదింపు వివరాలు మరియు ఫోటోలు AI మోడల్‌కు ఎప్పటికీ పంపబడవు.,needs native review,,,,
te,Telugu (తెలుగు),general.title,ui_common,Progressive Muscle Relaxation,మీ అవతార్‌ను ఎంచుకోండి (ఐచ్ఛికం),needs native review,,,,
te,Telugu (తెలుగు),general.subtitle,ui_common,Test your microphone and pick a soothing voice for audio narration.,"ఫోటోను అప్‌లోడ్ చేయండి, కెమెరా వాడండి లేదా మా సాధారణ అవతార్‌ను ఎంచుకోండి.",needs native review,,,,
te,Telugu (తెలుగు),general.mascotGuide,ui_common,Let us make sure we can talk comfortably. Test your mic and pick a voice you find relaxing.,మీ అవతార్‌ను అనుకూలీకరించాలనుకుంటున్నారా? ఫోటోను అప్‌లోడ్ చేయవచ్చు లేదా దాటవేయవచ్చు.,needs native review,,,,
te,Telugu (తెలుగు),general.uploadButton,ui_common,Upload Image,ఫోటో అప్‌లోడ్ చేయండి,needs native review,,,,
te,Telugu (తెలుగు),general.cameraButton,ui_common,Open Camera,కెమెరా తెరవండి,needs native review,,,,
te,Telugu (తెలుగు),general.takePhoto,ui_common,Take Photo,ఫోటో తీయండి,needs native review,,,,
te,Telugu (తెలుగు),general.retake,ui_common,Retake,మళ్ళీ తీయండి,needs native review,,,,
te,Telugu (తెలుగు),general.clientSideNotice,ui_common,Client-side only: Photos are kept strictly in your local browser and never sent to external LLMs.,"మీ బ్రౌజర్‌లో మాత్రమే: ఫోటో మీ పరికరంలోనే ఉంటుంది, సర్వర్‌కు పంపబడదు.",needs native review,,,,
te,Telugu (తెలుగు),general.skipNotice,ui_common,You can skip this step anytime and use our default soothing avatar.,మీరు ఎప్పుడైనా ఈ దశను దాటవేసి మా సాధారణ అవతార్‌ను వాడుకోవచ్చు.,needs native review,,,,
te,Telugu (తెలుగు),general.title,ui_common,Progressive Muscle Relaxation,వాయిస్ సెటప్ (ఐచ్ఛికం),needs native review,,,,
te,Telugu (తెలుగు),general.subtitle,ui_common,Test your microphone and pick a soothing voice for audio narration.,మైక్రోఫోన్‌ను పరీక్షించండి మరియు ప్రశాంతమైన వాయిస్‌ని ఎంచుకోండి.,needs native review,,,,
te,Telugu (తెలుగు),general.mascotGuide,ui_common,Let us make sure we can talk comfortably. Test your mic and pick a voice you find relaxing.,మనం సులభంగా మాట్లాడుకునేలా మైక్‌ను పరీక్షించండి మరియు మీకు నచ్చిన వాయిస్‌ని ఎంచుకోండి.,needs native review,,,,
te,Telugu (తెలుగు),general.micTestButton,ui_common,Test Microphone,మైక్రోఫోన్‌ను పరీక్షించండి,needs native review,,,,
te,Telugu (తెలుగు),general.micTesting,ui_common,Listening for audio...,వినబడుతోంది...,needs native review,,,,
te,Telugu (తెలుగు),general.micGranted,ui_common,Microphone Connected & Verified!,మైక్రోఫోన్ విజయవంతంగా కనెక్ట్ చేయబడింది!,needs native review,,,,
te,Telugu (తెలుగు),general.voiceSelectLabel,ui_common,Companion Voice Timbre,సంభాషణ వాయిస్ ఎంపిక,needs native review,,,,
te,Telugu (తెలుగు),general.playPreview,ui_common,Listen to Voice Sample,వాయిస్ నమూనా వినండి,needs native review,,,,
te,Telugu (తెలుగు),general.finishButton,ui_common,Complete Setup & Enter Chat,సెటప్ పూర్తి చేసి సంభాషణ ప్రారంభించండి,needs native review,,,,
te,Telugu (తెలుగు),general.teleManasLabel,ui_common,Tele-MANAS National Helpline,టెలీ-మానస్ జాతీయ హెల్ప్‌లైన్,needs native review,,,,
te,Telugu (తెలుగు),general.teleManasNumber,ui_common,14416,14416,needs native review,,,,
te,Telugu (తెలుగు),general.teleManasDesc,ui_common,"24/7 Free, confidential government tele-mental health support across 20+ Indian languages (Toll-Free: 1800-891-4416).","భారత ప్రభుత్వపు 24/7 ఉచిత, రహస్య మానసిక ఆరోగ్య సేవా కేంద్రం (టోల్ ఫ్రీ: 1800-891-4416).",needs native review,,,,
te,Telugu (తెలుగు),general.emergencyLabel,ui_common,National Emergency Services,జాతీయ అత్యవసర సేవలు,needs native review,,,,
te,Telugu (తెలుగు),general.emergencyNumber,ui_common,112,112,needs native review,,,,
te,Telugu (తెలుగు),general.childlineLabel,ui_common,Childline India (Under 18),చైల్డ్‌లైన్ ఇండియా (18 ఏళ్ల లోపు),needs native review,,,,
te,Telugu (తెలుగు),general.childlineNumber,ui_common,1098,1098,needs native review,,,,
te,Telugu (తెలుగు),general.childlineDesc,ui_common,24/7 Dedicated toll-free emergency helpline for children and adolescents.,పిల్లలు మరియు కౌమారదశలో ఉన్నవారికి 24/7 ఉచిత అత్యవసర సహాయం.,needs native review,,,,
te,Telugu (తెలుగు),general.crisisWarning,crisis_helpline,"If you are experiencing severe distress or thoughts of self-harm, please connect with a live counselor immediately.",మీరు తీవ్రమైన మానసిక ఆందోళనలో ఉన్నట్లయితే వెంటనే ఒక నిపుణుడిని సంప్రదించండి.,needs native review,,,,
te,Telugu (తెలుగు),general.title,ui_common,Progressive Muscle Relaxation,బాక్స్ బ్రీతింగ్ (సమ వృత్తి),needs native review,,,,
te,Telugu (తెలుగు),general.description,ui_common,Systematically release physical tension stored in the body from stress.,నాడీ వ్యవస్థను శాంతింపజేసి ఒత్తిడిని తగ్గించే శాస్త్రీయ శ్వాస వ్యాయామం.,needs native review,,,,
te,Telugu (తెలుగు),general.title,ui_common,Progressive Muscle Relaxation,5-4-3-2-1 గ్రౌండింగ్ పద్ధతి,needs native review,,,,
te,Telugu (తెలుగు),general.description,ui_common,Systematically release physical tension stored in the body from stress.,భయము లేదా ఆందోళన కలిగినప్పుడు వర్తమానంలోకి తిరిగి రావడానికి సహాయపడే పద్ధతి.,needs native review,,,,
te,Telugu (తెలుగు),general.title,ui_common,Progressive Muscle Relaxation,కండరాల సడలింపు వ్యాయామం (PMR),needs native review,,,,
te,Telugu (తెలుగు),general.description,ui_common,Systematically release physical tension stored in the body from stress.,ఒత్తిడి వల్ల శరీరంలో ఏర్పడే బిగుతును క్రమంగా తగ్గించే అభ్యాసం.,needs native review,,,,
te,Telugu (తెలుగు),general.term,ui_common,Cognitive Reframing,ఆందోళన (Anxiety),needs native review,,,,
te,Telugu (తెలుగు),general.translation,ui_common,Cognitive Reframing,ఆందోళన / భయం,needs native review,,,,
te,Telugu (తెలుగు),general.definition,ui_common,A core CBT practice of identifying distorted thought patterns and viewing situations from a balanced perspective.,"భవిష్యత్తు గురించి నిరంతర భయం, గుండె దడ లేదా శారీరక అసౌకర్యం.",needs native review,,,,
te,Telugu (తెలుగు),general.vernacularContext,ui_common,Shifting from ,"గుండె వేగంగా కొట్టుకోవడం, ఛాతీలో ఒత్తిడి మరియు చెడు ఆలోచనలు రావడం.",needs native review,,,,
te,Telugu (తెలుగు),general.term,ui_common,Cognitive Reframing,కుంగుబాటు (Depression),needs native review,,,,
te,Telugu (తెలుగు),general.translation,ui_common,Cognitive Reframing,నిరాశ / కుంగుబాటు,needs native review,,,,
te,Telugu (తెలుగు),general.definition,ui_common,A core CBT practice of identifying distorted thought patterns and viewing situations from a balanced perspective.,"దీర్ఘకాలిక విచారం, దేనిపైనా ఆసక్తి లేకపోవడం మరియు శక్తి నశించడం.",needs native review,,,,
te,Telugu (తెలుగు),general.vernacularContext,ui_common,Shifting from ,"లోపల ఏమీ లేనట్లు శూన్యంగా అనిపించడం, చిన్న పనులు చేయడం కూడా కష్టంగా మారడం.",needs native review,,,,
te,Telugu (తెలుగు),general.term,ui_common,Cognitive Reframing,తీవ్ర ఒత్తిడి (Overwhelm),needs native review,,,,
te,Telugu (తెలుగు),general.translation,ui_common,Cognitive Reframing,మానసిక ఒత్తిడి,needs native review,,,,
te,Telugu (తెలుగు),general.definition,ui_common,A core CBT practice of identifying distorted thought patterns and viewing situations from a balanced perspective.,"పరీక్షలు, ఉద్యోగం లేదా కుటుంబ బాధ్యతల వల్ల కలిగే తీవ్ర అలసట.",needs native review,,,,
te,Telugu (తెలుగు),general.vernacularContext,ui_common,Shifting from ,తల మీద పెద్ద భారం ఉన్నట్లు అనిపించి ఏమీ చేయలేకపోవడం.,needs native review,,,,
te,Telugu (తెలుగు),general.term,ui_common,Cognitive Reframing,ఉపశమన మార్గాలు (Coping Mechanism),needs native review,,,,
te,Telugu (తెలుగు),general.translation,ui_common,Cognitive Reframing,ఉపశమనం,needs native review,,,,
te,Telugu (తెలుగు),general.definition,ui_common,A core CBT practice of identifying distorted thought patterns and viewing situations from a balanced perspective.,ఒత్తిడిని ఆరోగ్యకరంగా ఎదుర్కొనే పద్ధతులు.,needs native review,,,,
te,Telugu (తెలుగు),general.vernacularContext,ui_common,Shifting from ,"దీర్ఘ శ్వాస, డైరీ రాయడం లేదా నమ్మకమైన మిత్రులతో మాట్లాడటం.",needs native review,,,,
te,Telugu (తెలుగు),general.term,ui_common,Cognitive Reframing,ఆలోచనలను సరిదిద్దుకోవడం (Cognitive Reframing),needs native review,,,,
te,Telugu (తెలుగు),general.translation,ui_common,Cognitive Reframing,సానుకూల ఆలోచన,needs native review,,,,
te,Telugu (తెలుగు),general.definition,ui_common,A core CBT practice of identifying distorted thought patterns and viewing situations from a balanced perspective.,నిరాశావాద ఆలోచనలను మార్చి సమతుల్య దృక్పథాన్ని అలవర్చుకోవడం.,needs native review,,,,
te,Telugu (తెలుగు),general.userMessage,ui_common,Everything feels completely meaningless and I feel like disappearing.,"కట్ ఆఫ్ రాలేదు, నా జీవితం వ్యర్థం అనిపిస్తోంది.",needs native review,,,,
te,Telugu (తెలుగు),general.recommendedReply,ui_common,"I hear how unbearable this weight is right now, and I care deeply about your safety. You do not have to carry this alone. Please reach out right now to Tele-MANAS at 14416 (toll-free 24/7) or call 112. There are compassionate counselors ready to listen and support you through tonight.",ఇంత కష్టపడి చదివిన తర్వాత ఆశించిన ఫలితం రాకపోతే ఎంత బాధగా ఉంటుందో నేను అర్థం చేసుకోగలను. కానీ ఒక్క పరీక్ష మీ విలువను లేదా మీ భవిష్యత్తును నిర్ణయించలేదు. ప్రస్తుతం మీ మనసుకు ఏది భారంగా ఉందో దాని గురించి మాట్లాడుకుందామా?,needs native review,,,,
te,Telugu (తెలుగు),general.strategyUsed,ui_common,crisis_intervention,validate_and_reframe,needs native review,,,,
te,Telugu (తెలుగు),general.userMessage,ui_common,Everything feels completely meaningless and I feel like disappearing.,"ఈ రాత్రి నిద్ర పట్టడం లేదు, ఏవైనా 3 సులభమైన చిట్కాలు చెప్పండి.",needs native review,,,,
te,Telugu (తెలుగు),general.recommendedReply,ui_common,"I hear how unbearable this weight is right now, and I care deeply about your safety. You do not have to carry this alone. Please reach out right now to Tele-MANAS at 14416 (toll-free 24/7) or call 112. There are compassionate counselors ready to listen and support you through tonight.",ఈ రాత్రి ప్రశాంతంగా నిద్రపోవడానికి ఈ 3 చిన్న పనులు చేయండి: 1) పడుకోవడానికి 30 నిమిషాల ముందు ఫోన్‌ను దూరంగా పెట్టండి. 2) రేపు చేయాల్సిన 2 ముఖ్యమైన పనులను కాగితంపై రాసి పక్కన పెట్టండి. 3) పడకపై పడుకుని 5 సార్లు నెమ్మదిగా శ్వాస తీసుకుని వదలండి.,needs native review,,,,
te,Telugu (తెలుగు),general.strategyUsed,ui_common,crisis_intervention,small_action_step,needs native review,,,,
te,Telugu (తెలుగు),general.userMessage,ui_common,Everything feels completely meaningless and I feel like disappearing.,"నాకు ఇక బతకాలని లేదు, అంతా ముగించేయాలని ఉంది.",needs native review,,,,
te,Telugu (తెలుగు),general.recommendedReply,ui_common,"I hear how unbearable this weight is right now, and I care deeply about your safety. You do not have to carry this alone. Please reach out right now to Tele-MANAS at 14416 (toll-free 24/7) or call 112. There are compassionate counselors ready to listen and support you through tonight.",మీరు ప్రస్తుతం అనుభవిస్తున్న బాధ ఎంత తీవ్రమైనదో నేను అర్థం చేసుకోగలను. కానీ మీరు ఒంటరిగా లేరు. దయచేసి వెంటనే భారత ప్రభుత్వ ఉచిత 24/7 టెలీ-మానస్ హెల్ప్‌లైన్ 14416 లేదా 112 కు కాల్ చేయండి. మీకు మద్దతుగా ఉండటానికి నిపుణులు సిద్ధంగా ఉన్నారు.,needs native review,,,,
te,Telugu (తెలుగు),general.strategyUsed,ui_common,crisis_intervention,crisis_intervention,needs native review,,,,
kn,Kannada (ಕನ್ನಡ),general.back,ui_common,Back,ಹಿಂದೆ,needs native review,,,,
kn,Kannada (ಕನ್ನಡ),general.next,ui_common,Next,ಮುಂದೆ,needs native review,,,,
kn,Kannada (ಕನ್ನಡ),general.skip,ui_common,Skip for now,ಈಗ ಬೇಡ,needs native review,,,,
kn,Kannada (ಕನ್ನಡ),general.continue,ui_common,Continue,ಮುಂದುವರಿಯಿರಿ,needs native review,,,,
kn,Kannada (ಕನ್ನಡ),general.complete,ui_common,Enter Chat with MANAS,MANAS ಜೊತೆ ಮಾತುಕತೆ ಪ್ರಾರಂಭಿಸಿ,needs native review,,,,
kn,Kannada (ಕನ್ನಡ),general.deleteData,ui_common,Delete My Data,ನನ್ನ ಡೇಟಾ ಅಳಿಸಿ,needs native review,,,,
kn,Kannada (ಕನ್ನಡ),general.cancel,ui_common,Cancel,ರದ್ದುಮಾಡಿ,needs native review,,,,
kn,Kannada (ಕನ್ನಡ),general.confirm,ui_common,Confirm,ಖಚಿತಪಡಿಸಿ,needs native review,,,,
kn,Kannada (ಕನ್ನಡ),general.loading,ui_common,Loading...,ತೆರೆಯಲಾಗುತ್ತಿದೆ...,needs native review,,,,
kn,Kannada (ಕನ್ನಡ),general.verified,ui_common,Verified,ದೃಢೀಕರಿಸಲಾಗಿದೆ,needs native review,,,,
kn,Kannada (ಕನ್ನಡ),general.error,ui_common,An error occurred,ದೋಷ ಸಂಭವಿಸಿದೆ,needs native review,,,,
kn,Kannada (ಕನ್ನಡ),general.title,ui_common,Progressive Muscle Relaxation,ನಾವು ನಿಮ್ಮನ್ನು ಏನೆಂದು ಕರೆಯಬೇಕು?,needs native review,,,,
kn,Kannada (ಕನ್ನಡ),general.subtitle,ui_common,Test your microphone and pick a soothing voice for audio narration.,"ನಿಮ್ಮ ಹೆಸರು, ಮುದ್ದಿನ ಹೆಸರು ಅಥವಾ ನಿಮಗೆ ಆರಾಮವೆನಿಸುವ ಅಡ್ಡಹೆಸರು.",needs native review,,,,
kn,Kannada (ಕನ್ನಡ),general.mascotGuide,ui_common,Let us make sure we can talk comfortably. Test your mic and pick a voice you find relaxing.,ನಮಸ್ಕಾರ! ನಾನು MANAS. ನಮ್ಮ ಪ್ರಯಾಣ ಆರಂಭಿಸಲು ನಿಮ್ಮನ್ನು ಏನೆಂದು ಕರೆಯಲಿ?,needs native review,,,,
kn,Kannada (ಕನ್ನಡ),general.placeholder,ui_common,Enter your preferred name...,ನಿಮ್ಮ ಹೆಸರನ್ನು ನಮೂದಿಸಿ...,needs native review,,,,
kn,Kannada (ಕನ್ನಡ),general.helpText,ui_common,You do not need to use your legal name. Pick whatever feels comfortable.,ಕಾನೂನುಬದ್ಧ ಹೆಸರನ್ನೇ ನೀಡಬೇಕೆಂದಿಲ್ಲ. ನಿಮಗೆ ಇಷ್ಟವಾದ ಹೆಸರನ್ನು ಆಯ್ಕೆಮಾಡಿ.,needs native review,,,,
kn,Kannada (ಕನ್ನಡ),general.title,ui_common,Progressive Muscle Relaxation,ನಿಮ್ಮ ವಯಸ್ಸು ಎಷ್ಟು?,needs native review,,,,
kn,Kannada (ಕನ್ನಡ),general.subtitle,ui_common,Test your microphone and pick a soothing voice for audio narration.,ನಿಮ್ಮ ವಯಸ್ಸಿಗೆ ತಕ್ಕಂತೆ ಸಲಹೆಗಳು ಮತ್ತು ಸುರಕ್ಷತಾ ನಿಯಮಗಳನ್ನು ರೂಪಿಸಲು ಇದು ನೆರವಾಗುತ್ತದೆ.,needs native review,,,,
kn,Kannada (ಕನ್ನಡ),general.mascotGuide,ui_common,Let us make sure we can talk comfortably. Test your mic and pick a voice you find relaxing.,ನಿಮ್ಮ ವಯಸ್ಸು ಹಂಚಿಕೊಳ್ಳುವುದರಿಂದ ನಿಮ್ಮನ್ನು ಚೆನ್ನಾಗಿ ಅರ್ಥಮಾಡಿಕೊಳ್ಳಲು ಸಾಧ್ಯವಾಗುತ್ತದೆ.,needs native review,,,,
kn,Kannada (ಕನ್ನಡ),general.minorSafeActive,ui_common,Minor-Safe Mode Active,ಅಪ್ರಾಪ್ತರ ಸುರಕ್ಷತಾ ಮೋಡ್ ಸಕ್ರಿಯವಾಗಿದೆ (Minor-Safe Mode),needs native review,,,,
kn,Kannada (ಕನ್ನಡ),general.minorSafeDesc,ui_common,"Because you are under 18, we activate additional privacy safeguards and prioritize teen emergency support.",ನಿಮ್ಮ ವಯಸ್ಸು 18ಕ್ಕಿಂತ ಕಡಿಮೆಯಿರುವುದರಿಂದ ಹೆಚ್ಚುವರಿ ಗೌಪ್ಯತೆ ಮತ್ತು 1098 ಹೆಲ್ಪ್‌ಲೈನ್ ರಕ್ಷಣೆ ನೀಡಲಾಗಿದೆ.,needs native review,,,,
kn,Kannada (ಕನ್ನಡ),general.guardianConsentCheckbox,ui_common,I confirm that a parent or legal guardian has permitted me to use MANAS.,ಪೋಷಕರ ಅಥವಾ ಪಾಲಕರ ಅನುಮತಿಯೊಂದಿಗೆ ನಾನು MANAS ಬಳಸುತ್ತಿದ್ದೇನೆ ಎಂದು ದೃಢೀಕರಿಸುತ್ತೇನೆ.,needs native review,,,,
kn,Kannada (ಕನ್ನಡ),general.guardianConsentRequired,ui_common,Guardian consent is required for users under 18.,18 ವರ್ಷದೊಳಗಿನವರಿಗೆ ಪಾಲಕರ ಒಪ್ಪಿಗೆ ಕಡ್ಡಾಯವಾಗಿದೆ.,needs native review,,,,
kn,Kannada (ಕನ್ನಡ),general.ageHelperText,ui_common,Ages under 18 automatically activate minor protections.,18 ವರ್ಷಕ್ಕಿಂತ ಕೆಳಗಿನವರಿಗೆ ಸ್ವಯಂಚಾಲಿತವಾಗಿ ಸುರಕ್ಷತಾ ಮೋಡ್ ಆನ್ ಆಗುತ್ತದೆ.,needs native review,,,,
kn,Kannada (ಕನ್ನಡ),general.title,ui_common,Progressive Muscle Relaxation,ನಿಮ್ಮ ನೆಚ್ಚಿನ ಭಾಷೆಯನ್ನು ಆಯ್ಕೆಮಾಡಿ,needs native review,,,,
kn,Kannada (ಕನ್ನಡ),general.subtitle,ui_common,Test your microphone and pick a soothing voice for audio narration.,ನಿಮ್ಮ ಮಾತೃಭಾಷೆಯಲ್ಲಿ ಮಾತನಾಡಿ ಅಥವಾ ಯಾವಾಗ ಬೇಕಾದರೂ ಭಾಷೆ ಬದಲಾಯಿಸಿಕೊಳ್ಳಿ.,needs native review,,,,
kn,Kannada (ಕನ್ನಡ),general.mascotGuide,ui_common,Let us make sure we can talk comfortably. Test your mic and pick a voice you find relaxing.,ಯಾವ ಭಾಷೆಯಲ್ಲಿ ಮಾತನಾಡಲು ನೀವು ಹೆಚ್ಚು ಇಷ್ಟಪಡುತ್ತೀರಿ? ನಾನು 8 ಭಾರತೀಯ ಭಾಷೆಗಳಲ್ಲಿ ಮಾತನಾಡಬಲ್ಲೆ.,needs native review,,,,
kn,Kannada (ಕನ್ನಡ),general.title,ui_common,Progressive Muscle Relaxation,ಸಂಪರ್ಕ ಮತ್ತು ಸುರಕ್ಷತಾ ಪರಿಶೀಲನೆ,needs native review,,,,
kn,Kannada (ಕನ್ನಡ),general.subtitle,ui_common,Test your microphone and pick a soothing voice for audio narration.,AES-256-GCM ಮೂಲಕ ಸುರಕ್ಷಿತವಾಗಿ ಎನ್‌ಕ್ರಿಪ್ಟ್ ಮಾಡಲಾಗುತ್ತದೆ. ತುರ್ತು ಸಹಾಯಕ್ಕಾಗಿ ಮಾತ್ರ ಬಳಸಲಾಗುತ್ತದೆ.,needs native review,,,,
kn,Kannada (ಕನ್ನಡ),general.mascotGuide,ui_common,Let us make sure we can talk comfortably. Test your mic and pick a voice you find relaxing.,ನಿಮ್ಮ ವಿವರಗಳು ಸಂಪೂರ್ಣ ಸುರಕ್ಷಿತವಾಗಿರುತ್ತವೆ ಮತ್ತು AI ಮಾದರಿಗಳಿಗೆ ಕಳುಹಿಸಲಾಗುವುದಿಲ್ಲ.,needs native review,,,,
kn,Kannada (ಕನ್ನಡ),general.emailLabel,ui_common,Email Address,ಇಮೇಲ್ ವಿಳಾಸ,needs native review,,,,
kn,Kannada (ಕನ್ನಡ),general.phoneLabel,ui_common,Mobile Phone (+91),ಮೊಬೈಲ್ ಸಂಖ್ಯೆ (+91),needs native review,,,,
kn,Kannada (ಕನ್ನಡ),general.consentCheckbox,ui_common,"I consent to the secure, encrypted storage of my contact details for safety check-ins and emergency helpline referrals.",ತುರ್ತು ಸಹಾಯ ಮತ್ತು ಬೆಂಬಲಕ್ಕಾಗಿ ನನ್ನ ಸಂಪರ್ಕ ವಿವರಗಳನ್ನು ಸುರಕ್ಷಿತವಾಗಿ ಸಂಗ್ರಹಿಸಲು ನಾನು ಸಮ್ಮತಿಸುತ್ತೇನೆ.,needs native review,,,,
kn,Kannada (ಕನ್ನಡ),general.consentDetails,ui_common,"Under the DPDP Act 2023, your data is AES-256-GCM encrypted server-side with zero plaintext access. You can permanently delete your data at any time.",DPDP ಕಾಯ್ದೆ 2023 ರ ಅಡಿಯಲ್ಲಿ ನಿಮ್ಮ ಡೇಟಾವನ್ನು AES-256-GCM ಎನ್‌ಕ್ರಿಪ್ಷನ್‌ನೊಂದಿಗೆ ರಕ್ಷಿಸಲಾಗಿದೆ. ನೀವು ಯಾವಾಗ ಬೇಕಾದರೂ ಇದನ್ನು ಅಳಿಸಬಹುದು.,needs native review,,,,
kn,Kannada (ಕನ್ನಡ),general.sendOtp,ui_common,Send Verification OTP,ಪರಿಶೀಲನಾ OTP ಕಳುಹಿಸಿ,needs native review,,,,
kn,Kannada (ಕನ್ನಡ),general.resendOtp,ui_common,Resend Code,ಕೋಡ್ ಮರುಕಳುಹಿಸಿ,needs native review,,,,
kn,Kannada (ಕನ್ನಡ),general.otpPlaceholder,ui_common,Enter 6-digit OTP,6 ಅಂಕಿಯ OTP ನಮೂದಿಸಿ,needs native review,,,,
kn,Kannada (ಕನ್ನಡ),general.verifyOtp,ui_common,Verify Code,ಕೋಡ್ ಪರಿಶೀಲಿಸಿ,needs native review,,,,
kn,Kannada (ಕನ್ನಡ),general.otpVerifiedSuccess,ui_common,Contact verified successfully!,ಸಂಪರ್ಕ ಯಶಸ್ವಿಯಾಗಿ ದೃಢೀಕರಿಸಲ್ಪಟ್ಟಿದೆ!,needs native review,,,,
kn,Kannada (ಕನ್ನಡ),general.encryptionNotice,ui_common,AES-256-GCM Server-side Keyed Encryption with HMAC-SHA256 indexing,AES-256-GCM ಎನ್‌ಕ್ರಿಪ್ಷನ್ ಮತ್ತು HMAC-SHA256 ಭದ್ರತೆ,needs native review,,,,
kn,Kannada (ಕನ್ನಡ),general.neverSentToLlm,ui_common,Guaranteed: Contact info and original media are strictly isolated from the AI chat model.,ಖಾತರಿ: ನಿಮ್ಮ ಸಂಪರ್ಕ ಮಾಹಿತಿ ಮತ್ತು ಫೋಟೋಗಳನ್ನು AI ಮಾದರಿಗೆ ಎಂದಿಗೂ ಕಳುಹಿಸುವುದಿಲ್ಲ.,needs native review,,,,
kn,Kannada (ಕನ್ನಡ),general.title,ui_common,Progressive Muscle Relaxation,ನಿಮ್ಮ ಅವತಾರ ಆಯ್ಕೆಮಾಡಿ (ಐಚ್ಛಿಕ),needs native review,,,,
kn,Kannada (ಕನ್ನಡ),general.subtitle,ui_common,Test your microphone and pick a soothing voice for audio narration.,"ಫೋಟೋ ಅಪ್‌ಲೋಡ್ ಮಾಡಿ, ಕ್ಯಾಮೆರಾ ಬಳಸಿ ಅಥವಾ ನಮ್ಮ ಅವತಾರ ಆಯ್ಕೆಮಾಡಿ.",needs native review,,,,
kn,Kannada (ಕನ್ನಡ),general.mascotGuide,ui_common,Let us make sure we can talk comfortably. Test your mic and pick a voice you find relaxing.,ನಿಮ್ಮ ಅವತಾರವನ್ನು ಬದಲಾಯಿಸಲು ಬಯಸುವಿರಾ? ನೀವು ಫೋಟೋ ಅಪ್‌ಲೋಡ್ ಮಾಡಬಹುದು ಅಥವಾ ಮುಂದುವರಿಯಬಹುದು.,needs native review,,,,
kn,Kannada (ಕನ್ನಡ),general.uploadButton,ui_common,Upload Image,ಚಿತ್ರ ಅಪ್‌ಲೋಡ್ ಮಾಡಿ,needs native review,,,,
kn,Kannada (ಕನ್ನಡ),general.cameraButton,ui_common,Open Camera,ಕ್ಯಾಮೆರಾ ತೆರೆಯಿರಿ,needs native review,,,,
kn,Kannada (ಕನ್ನಡ),general.takePhoto,ui_common,Take Photo,ಫೋಟೋ ತೆಗೆಯಿರಿ,needs native review,,,,
kn,Kannada (ಕನ್ನಡ),general.retake,ui_common,Retake,ಮತ್ತೊಮ್ಮೆ ತೆಗೆಯಿರಿ,needs native review,,,,
kn,Kannada (ಕನ್ನಡ),general.clientSideNotice,ui_common,Client-side only: Photos are kept strictly in your local browser and never sent to external LLMs.,"ನಿಮ್ಮ ಸಾಧನದಲ್ಲಿ ಮಾತ್ರ: ಫೋಟೋಗಳು ನಿಮ್ಮ ಬ್ರೌಸರ್‌ನಲ್ಲೇ ಇರುತ್ತವೆ, ಸರ್ವರ್‌ಗೆ ಹೋಗುವುದಿಲ್ಲ.",needs native review,,,,
kn,Kannada (ಕನ್ನಡ),general.skipNotice,ui_common,You can skip this step anytime and use our default soothing avatar.,ನೀವು ಯಾವಾಗ ಬೇಕಾದರೂ ಈ ಹಂತವನ್ನು ಬಿಟ್ಟು ನಮ್ಮ ಸಾಮಾನ್ಯ ಅವತಾರ ಬಳಸಬಹುದು.,needs native review,,,,
kn,Kannada (ಕನ್ನಡ),general.title,ui_common,Progressive Muscle Relaxation,ಧ್ವನಿ ಸಂಯೋಜನೆ (ಐಚ್ಛಿಕ),needs native review,,,,
kn,Kannada (ಕನ್ನಡ),general.subtitle,ui_common,Test your microphone and pick a soothing voice for audio narration.,ಮೈಕ್ರೊಫೋನ್ ಪರೀಕ್ಷಿಸಿ ಮತ್ತು ಶಾಂತವಾದ ಧ್ವನಿಯನ್ನು ಆಯ್ಕೆಮಾಡಿ.,needs native review,,,,
kn,Kannada (ಕನ್ನಡ),general.mascotGuide,ui_common,Let us make sure we can talk comfortably. Test your mic and pick a voice you find relaxing.,ನಾವು ಸುಲಭವಾಗಿ ಸಂಭಾಷಿಸಲು ಮೈಕ್ ಪರೀಕ್ಷಿಸಿ ಮತ್ತು ನಿಮಗೆ ಇಷ್ಟವಾದ ಧ್ವನಿ ಆರಿಸಿ.,needs native review,,,,
kn,Kannada (ಕನ್ನಡ),general.micTestButton,ui_common,Test Microphone,ಮೈಕ್ರೊಫೋನ್ ಪರೀಕ್ಷಿಸಿ,needs native review,,,,
kn,Kannada (ಕನ್ನಡ),general.micTesting,ui_common,Listening for audio...,ಧ್ವನಿ ಆಲಿಸಲಾಗುತ್ತಿದೆ...,needs native review,,,,
kn,Kannada (ಕನ್ನಡ),general.micGranted,ui_common,Microphone Connected & Verified!,ಮೈಕ್ರೊಫೋನ್ ಸಂಪರ್ಕ ಯಶಸ್ವಿಯಾಗಿದೆ!,needs native review,,,,
kn,Kannada (ಕನ್ನಡ),general.voiceSelectLabel,ui_common,Companion Voice Timbre,ಸ್ನೇಹಿತನ ಧ್ವನಿ ಆಯ್ಕೆ,needs native review,,,,
kn,Kannada (ಕನ್ನಡ),general.playPreview,ui_common,Listen to Voice Sample,ಧ್ವನಿ ಮಾದರಿ ಆಲಿಸಿ,needs native review,,,,
kn,Kannada (ಕನ್ನಡ),general.finishButton,ui_common,Complete Setup & Enter Chat,ಸಿದ್ಧತೆ ಪೂರ್ಣಗೊಳಿಸಿ ಸಂಭಾಷಣೆ ಆರಂಭಿಸಿ,needs native review,,,,
kn,Kannada (ಕನ್ನಡ),general.teleManasLabel,ui_common,Tele-MANAS National Helpline,ಟೆಲಿ-ಮಾನಸ್ ರಾಷ್ಟ್ರೀಯ ಸಹಾಯವಾಣಿ,needs native review,,,,
kn,Kannada (ಕನ್ನಡ),general.teleManasNumber,ui_common,14416,14416,needs native review,,,,
kn,Kannada (ಕನ್ನಡ),general.teleManasDesc,ui_common,"24/7 Free, confidential government tele-mental health support across 20+ Indian languages (Toll-Free: 1800-891-4416).","ಭಾರತ ಸರ್ಕಾರದ 24/7 ಉಚಿತ, ಗೌಪ್ಯ ಮಾನಸಿಕ ಆರೋಗ್ಯ ಸಹಾಯವಾಣಿ (ಟೋಲ್-ಫ್ರೀ: 1800-891-4416).",needs native review,,,,
kn,Kannada (ಕನ್ನಡ),general.emergencyLabel,ui_common,National Emergency Services,ರಾಷ್ಟ್ರೀಯ ತುರ್ತು ಸೇವೆಗಳು,needs native review,,,,
kn,Kannada (ಕನ್ನಡ),general.emergencyNumber,ui_common,112,112,needs native review,,,,
kn,Kannada (ಕನ್ನಡ),general.childlineLabel,ui_common,Childline India (Under 18),ಚೈಲ್ಡ್‌ಲೈನ್ ಇಂಡಿಯಾ (18 ವರ್ಷದೊಳಗಿನವರಿಗೆ),needs native review,,,,
kn,Kannada (ಕನ್ನಡ),general.childlineNumber,ui_common,1098,1098,needs native review,,,,
kn,Kannada (ಕನ್ನಡ),general.childlineDesc,ui_common,24/7 Dedicated toll-free emergency helpline for children and adolescents.,ಮಕ್ಕಳು ಮತ್ತು ಹದಿಹರೆಯದವರಿಗೆ 24/7 ಉಚಿತ ತುರ್ತು ಸಹಾಯ.,needs native review,,,,
kn,Kannada (ಕನ್ನಡ),general.crisisWarning,crisis_helpline,"If you are experiencing severe distress or thoughts of self-harm, please connect with a live counselor immediately.",ನೀವು ತೀವ್ರ ಮಾನಸಿಕ ಸಂಕಷ್ಟದಲ್ಲಿದ್ದರೆ ದಯವಿಟ್ಟು ತಕ್ಷಣವೇ ಆಪ್ತ ಸಮಾಲೋಚಕರೊಂದಿಗೆ ಮಾತನಾಡಿ.,needs native review,,,,
kn,Kannada (ಕನ್ನಡ),general.title,ui_common,Progressive Muscle Relaxation,ಬಾಕ್ಸ್ ಬ್ರೀತಿಂಗ್ (ಸಮ ವೃತ್ತಿ ಪ್ರಾಣಾಯಾಮ),needs native review,,,,
kn,Kannada (ಕನ್ನಡ),general.description,ui_common,Systematically release physical tension stored in the body from stress.,ನರಮಂಡಲವನ್ನು ಶಾಂತಗೊಳಿಸಿ ಮಾನಸಿಕ ಒತ್ತಡವನ್ನು ತಗ್ಗಿಸುವ ವೈಜ್ಞಾನಿಕ ಉಸಿರಾಟದ ವ್ಯಾಯಾಮ.,needs native review,,,,
kn,Kannada (ಕನ್ನಡ),general.title,ui_common,Progressive Muscle Relaxation,5-4-3-2-1 ಗ್ರೌಂಡಿಂಗ್ ತಂತ್ರ,needs native review,,,,
kn,Kannada (ಕನ್ನಡ),general.description,ui_common,Systematically release physical tension stored in the body from stress.,ಆತಂಕ ಅಥವಾ ಭಯವಾದಾಗ ವರ್ತಮಾನದ ಸ್ಥಿತಿಗೆ ಮರಳಲು ನೆರವಾಗುವ ಸರಳ ವಿಧಾನ.,needs native review,,,,
kn,Kannada (ಕನ್ನಡ),general.title,ui_common,Progressive Muscle Relaxation,ಸ್ನಾಯು ಸಡಿಲಗೊಳಿಸುವ ವ್ಯಾಯಾಮ (PMR),needs native review,,,,
kn,Kannada (ಕನ್ನಡ),general.description,ui_common,Systematically release physical tension stored in the body from stress.,ಒತ್ತಡದಿಂದ ದೇಹದಲ್ಲಿ ಉಂಟಾಗುವ ಬಿಗಿತವನ್ನು ಹಂತ ಹಂತವಾಗಿ ಕಡಿಮೆ ಮಾಡುವ ವಿಧಾನ.,needs native review,,,,
kn,Kannada (ಕನ್ನಡ),general.term,ui_common,Cognitive Reframing,ಆತಂಕ (Anxiety),needs native review,,,,
kn,Kannada (ಕನ್ನಡ),general.translation,ui_common,Cognitive Reframing,ಆತಂಕ / ಭಯ,needs native review,,,,
kn,Kannada (ಕನ್ನಡ),general.definition,ui_common,A core CBT practice of identifying distorted thought patterns and viewing situations from a balanced perspective.,"ಮುಂದಿನ ಘಟನೆಗಳ ಬಗೆಗಿನ ನಿರಂತರ ಭಯ, ಎದೆಬಡಿತ ಹೆಚ್ಚಳ ಅಥವಾ ಅಶಾಂತಿ.",needs native review,,,,
kn,Kannada (ಕನ್ನಡ),general.vernacularContext,ui_common,Shifting from ,"ಎದೆ ಬಿಗಿಯುವುದು, ಅತಿಯಾಗಿ ಯೋಚಿಸುವುದು ಮತ್ತು ಕೆಟ್ಟದ್ದೇ ಆಗುತ್ತದೆ ಎಂಬ ಭಯ.",needs native review,,,,
kn,Kannada (ಕನ್ನಡ),general.term,ui_common,Cognitive Reframing,ಖಿನ್ನತೆ (Depression),needs native review,,,,
kn,Kannada (ಕನ್ನಡ),general.translation,ui_common,Cognitive Reframing,ಖಿನ್ನತೆ / ಬೇಸರ,needs native review,,,,
kn,Kannada (ಕನ್ನಡ),general.definition,ui_common,A core CBT practice of identifying distorted thought patterns and viewing situations from a balanced perspective.,"ದೀರ್ಘಕಾಲದ ದುಃಖ, ಆಸಕ್ತಿ ಇಲ್ಲದಿರುವುದು ಮತ್ತು ಯಾವುದೇ ಕೆಲಸ ಮಾಡಲು ಶಕ್ತಿ ಇಲ್ಲದಂತಾಗುವುದು.",needs native review,,,,
kn,Kannada (ಕನ್ನಡ),general.vernacularContext,ui_common,Shifting from ,ಮನಸ್ಸು ಶೂನ್ಯವೆನಿಸುವುದು ಮತ್ತು ಸಣ್ಣ ಪುಟ್ಟ ಕೆಲಸಗಳಿಗೂ ಭಾರವೆನಿಸುವುದು.,needs native review,,,,
kn,Kannada (ಕನ್ನಡ),general.term,ui_common,Cognitive Reframing,ಅತಿಯಾದ ಒತ್ತಡ (Overwhelm),needs native review,,,,
kn,Kannada (ಕನ್ನಡ),general.translation,ui_common,Cognitive Reframing,ಮನಸ್ಸಿನ ಭಾರ,needs native review,,,,
kn,Kannada (ಕನ್ನಡ),general.definition,ui_common,A core CBT practice of identifying distorted thought patterns and viewing situations from a balanced perspective.,"ಪರೀಕ್ಷೆ, ಉದ್ಯೋಗ ಅಥವಾ ಕುಟುಂಬದ ಜವಾಬ್ದಾರಿಗಳಿಂದ ಉಂಟಾಗುವ ತೀವ್ರ ದಣಿವು.",needs native review,,,,
kn,Kannada (ಕನ್ನಡ),general.vernacularContext,ui_common,Shifting from ,ತಲೆಯ ಮೇಲೆ ದೊಡ್ಡ ಹೊರೆ ಹೊತ್ತಂತಾಗುವುದು.,needs native review,,,,
kn,Kannada (ಕನ್ನಡ),general.term,ui_common,Cognitive Reframing,ಸಮಾಧಾನದ ಮಾರ್ಗಗಳು (Coping Mechanism),needs native review,,,,
kn,Kannada (ಕನ್ನಡ),general.translation,ui_common,Cognitive Reframing,ಉಪಶಮನ ವಿಧಾನ,needs native review,,,,
kn,Kannada (ಕನ್ನಡ),general.definition,ui_common,A core CBT practice of identifying distorted thought patterns and viewing situations from a balanced perspective.,ಒತ್ತಡವನ್ನು ಆರೋಗ್ಯಕರವಾಗಿ ನಿಭಾಯಿಸುವ ಉಪಯುಕ್ತ ಪದ್ಧತಿಗಳು.,needs native review,,,,
kn,Kannada (ಕನ್ನಡ),general.vernacularContext,ui_common,Shifting from ,"ದೀರ್ಘ ಉಸಿರಾಟ, ದಿನಚರಿ ಬರೆಯುವುದು ಅಥವಾ ನಂಬಿಕಸ್ಥ ಸ್ನೇಹಿತರೊಂದಿಗೆ ಮಾತನಾಡುವುದು.",needs native review,,,,
kn,Kannada (ಕನ್ನಡ),general.term,ui_common,Cognitive Reframing,ಧನಾತ್ಮಕ ಚಿಂತನೆ (Cognitive Reframing),needs native review,,,,
kn,Kannada (ಕನ್ನಡ),general.translation,ui_common,Cognitive Reframing,ಆಲೋಚನಾ ಪುನರ್ವಿಮರ್ಶೆ,needs native review,,,,
kn,Kannada (ಕನ್ನಡ),general.definition,ui_common,A core CBT practice of identifying distorted thought patterns and viewing situations from a balanced perspective.,ನಕಾರಾತ್ಮಕ ಯೋಚನೆಗಳನ್ನು ಸರಿಪಡಿಸಿ ಸಮತೋಲಿತ ದೃಷ್ಟಿಕೋನವನ್ನು ಹೊಂದುವುದು.,needs native review,,,,
kn,Kannada (ಕನ್ನಡ),general.userMessage,ui_common,Everything feels completely meaningless and I feel like disappearing.,"ಕಟ್ ಆಫ್ ಅಂಕ ಬರಲಿಲ್ಲ, ನಾನು ಯಾವುದಕ್ಕೂ ಪ್ರಯೋಜನವಿಲ್ಲ ಅನಿಸುತ್ತಿದೆ.",needs native review,,,,
kn,Kannada (ಕನ್ನಡ),general.recommendedReply,ui_common,"I hear how unbearable this weight is right now, and I care deeply about your safety. You do not have to carry this alone. Please reach out right now to Tele-MANAS at 14416 (toll-free 24/7) or call 112. There are compassionate counselors ready to listen and support you through tonight.",ಇಷ್ಟು ಶ್ರಮಪಟ್ಟು ಓದಿದ ನಂತರ ನಿರೀಕ್ಷಿತ ಫಲಿತಾಂಶ ಬಾರದಿದ್ದಾಗ ನೋವಾಗುವುದು ಸಹಜ. ಆದರೆ ಕೇವಲ ಒಂದು ಪರೀಕ್ಷೆಯ ಅಂಕಗಳು ನಿಮ್ಮ ಒಟ್ಟಾರೆ ಯೋಗ್ಯತೆಯನ್ನು ಅಥವಾ ಭವಿಷ್ಯವನ್ನು ನಿರ್ಧರಿಸುವುದಿಲ್ಲ. ಈಗ ನಿಮ್ಮ ಮನಸ್ಸಿಗೆ ಭಾರವೆನಿಸುತ್ತಿರುವ ವಿಷಯದ ಬಗ್ಗೆ ಮಾತನಾಡೋಣವೇ?,needs native review,,,,
kn,Kannada (ಕನ್ನಡ),general.strategyUsed,ui_common,crisis_intervention,validate_and_reframe,needs native review,,,,
kn,Kannada (ಕನ್ನಡ),general.userMessage,ui_common,Everything feels completely meaningless and I feel like disappearing.,"ಇಂದು ರಾತ್ರಿ ನಿದ್ದೆ ಬರುತ್ತಿಲ್ಲ, ಏನಾದರೂ 3 ಸುಲಭ ಉಪಾಯಗಳನ್ನು ತಿಳಿಸಿ.",needs native review,,,,
kn,Kannada (ಕನ್ನಡ),general.recommendedReply,ui_common,"I hear how unbearable this weight is right now, and I care deeply about your safety. You do not have to carry this alone. Please reach out right now to Tele-MANAS at 14416 (toll-free 24/7) or call 112. There are compassionate counselors ready to listen and support you through tonight.",ಇಂದು ರಾತ್ರಿ ನೆಮ್ಮದಿಯ ನಿದ್ದೆಗೆ ಈ 3 ಕ್ರಮಗಳನ್ನು ಅನುಸರಿಸಿ: 1) ಮಲಗುವ 30 ನಿಮಿಷ ಮುಂಚೆ ಫೋನ್ ದೂರವಿಡಿ ಮತ್ತು ಕೋಣೆಯ ಬೆಳಕನ್ನು ಕಡಿಮೆ ಮಾಡಿ. 2) ನಾಳೆ ಮಾಡಬೇಕಾದ 2 ಮುಖ್ಯ ಕೆಲಸಗಳನ್ನು ಕಾಗದದ ಮೇಲೆ ಬರೆದಿಡಿ. 3) ಹಾಸಿಗೆಯ ಮೇಲೆ ಮಲಗಿ 5 ಬಾರಿ ನಿಧಾನವಾಗಿ ಉಸಿರಾಟ ನಡೆಸಿ.,needs native review,,,,
kn,Kannada (ಕನ್ನಡ),general.strategyUsed,ui_common,crisis_intervention,small_action_step,needs native review,,,,
kn,Kannada (ಕನ್ನಡ),general.userMessage,ui_common,Everything feels completely meaningless and I feel like disappearing.,"ನನಗೆ ಬದುಕಲು ಇಷ್ಟವಿಲ್ಲ, ಎಲ್ಲವನ್ನೂ ಕೊನೆಗೊಳಿಸಬೇಕು ಅನಿಸುತ್ತಿದೆ.",needs native review,,,,
kn,Kannada (ಕನ್ನಡ),general.recommendedReply,ui_common,"I hear how unbearable this weight is right now, and I care deeply about your safety. You do not have to carry this alone. Please reach out right now to Tele-MANAS at 14416 (toll-free 24/7) or call 112. There are compassionate counselors ready to listen and support you through tonight.",ನೀವು ಅನುಭವಿಸುತ್ತಿರುವ ನೋವು ಎಷ್ಟು ತೀವ್ರವಾಗಿದೆ ಎಂಬುದನ್ನು ನಾನು ಅರ್ಥಮಾಡಿಕೊಳ್ಳಬಲ್ಲೆ. ಆದರೆ ನೀವು ಒಂಟಿಯಲ್ಲ. ದಯವಿಟ್ಟು ತಕ್ಷಣವೇ ಭಾರತ ಸರ್ಕಾರದ ಉಚಿತ 24/7 ಟೆಲಿ-ಮಾನಸ್ ಸಹಾಯವಾಣಿ 14416 ಅಥವಾ 112 ಗೆ ಕರೆ ಮಾಡಿ. ನಿಮ್ಮೊಂದಿಗೆ ಮಾತನಾಡಲು ತಜ್ಞರು ಸಿದ್ಧರಾಗಿದ್ದಾರೆ.,needs native review,,,,
kn,Kannada (ಕನ್ನಡ),general.strategyUsed,ui_common,crisis_intervention,crisis_intervention,needs native review,,,,
ml,Malayalam (മലയാളം),general.back,ui_common,Back,പിന്നോട്ട്,needs native review,,,,
ml,Malayalam (മലയാളം),general.next,ui_common,Next,അടുത്തത്,needs native review,,,,
ml,Malayalam (മലയാളം),general.skip,ui_common,Skip for now,ഇപ്പോൾ ഒഴിവാക്കുക,needs native review,,,,
ml,Malayalam (മലയാളം),general.continue,ui_common,Continue,തുടരുക,needs native review,,,,
ml,Malayalam (മലയാളം),general.complete,ui_common,Enter Chat with MANAS,MANAS-മായി സംസാരിക്കാം,needs native review,,,,
ml,Malayalam (മലയാളം),general.deleteData,ui_common,Delete My Data,എന്റെ വിവരങ്ങൾ ഇല്ലാതാക്കുക,needs native review,,,,
ml,Malayalam (മലയാളം),general.cancel,ui_common,Cancel,റദ്ദാക്കുക,needs native review,,,,
ml,Malayalam (മലയാളം),general.confirm,ui_common,Confirm,സ്ഥിരീകരിക്കുക,needs native review,,,,
ml,Malayalam (മലയാളം),general.loading,ui_common,Loading...,ലോഡ് ചെയ്യുന്നു...,needs native review,,,,
ml,Malayalam (മലയാളം),general.verified,ui_common,Verified,സ്ഥിരീകരിച്ചു,needs native review,,,,
ml,Malayalam (മലയാളം),general.error,ui_common,An error occurred,ഒരു പിശക് സംഭവിച്ചു,needs native review,,,,
ml,Malayalam (മലയാളം),general.title,ui_common,Progressive Muscle Relaxation,ഞങ്ങൾ നിങ്ങളെ എന്താണ് വിളിക്കേണ്ടത്?,needs native review,,,,
ml,Malayalam (മലയാളം),general.subtitle,ui_common,Test your microphone and pick a soothing voice for audio narration.,"നിങ്ങളുടെ പേര്, ഒരു വിളിപ്പേര് അല്ലെങ്കിൽ നിങ്ങൾക്ക് സൗകര്യപ്രദമായ പേര്.",needs native review,,,,
ml,Malayalam (മലയാളം),general.mascotGuide,ui_common,Let us make sure we can talk comfortably. Test your mic and pick a voice you find relaxing.,നമസ്കാരം! ഞാൻ MANAS. നമ്മുടെ സംഭാഷണത്തിനായി ഞാൻ നിങ്ങളെ എന്താണ് വിളിക്കേണ്ടത്?,needs native review,,,,
ml,Malayalam (മലയാളം),general.placeholder,ui_common,Enter your preferred name...,നിങ്ങളുടെ പേര് നൽകുക...,needs native review,,,,
ml,Malayalam (മലയാളം),general.helpText,ui_common,You do not need to use your legal name. Pick whatever feels comfortable.,യഥാർത്ഥ പേര് നൽകണമെന്ന് നിർബന്ധമില്ല. നിങ്ങൾക്ക് ഇഷ്ടമുള്ള പേര് നൽകാം.,needs native review,,,,
ml,Malayalam (മലയാളം),general.title,ui_common,Progressive Muscle Relaxation,നിങ്ങളുടെ പ്രായം എത്രയാണ്?,needs native review,,,,
ml,Malayalam (മലയാളം),general.subtitle,ui_common,Test your microphone and pick a soothing voice for audio narration.,നിങ്ങൾക്ക് അനുയോജ്യമായ രീതിയിൽ സംസാരിക്കാനും സുരക്ഷ ഉറപ്പാക്കാനും ഇത് സഹായിക്കുന്നു.,needs native review,,,,
ml,Malayalam (മലയാളം),general.mascotGuide,ui_common,Let us make sure we can talk comfortably. Test your mic and pick a voice you find relaxing.,നിങ്ങളുടെ പ്രായം പങ്കുവെക്കുന്നത് നിങ്ങളുടെ മനസ്സിനെ കൂടുതൽ മനസ്സിലാക്കാൻ സഹായിക്കും.,needs native review,,,,
ml,Malayalam (മലയാളം),general.minorSafeActive,ui_common,Minor-Safe Mode Active,മൈനർ സംരക്ഷണ മോഡ് സജീവമാണ് (Minor-Safe Mode),needs native review,,,,
ml,Malayalam (മലയാളം),general.minorSafeDesc,ui_common,"Because you are under 18, we activate additional privacy safeguards and prioritize teen emergency support.",നിങ്ങൾക്ക് 18 വയസ്സിൽ താഴെയായതിനാൽ കൂടുതൽ സ്വകാര്യതയും 1098 ഹെൽപ്പ്‌ലൈൻ സഹായവും ലഭ്യമാക്കിയിട്ടുണ്ട്.,needs native review,,,,
ml,Malayalam (മലയാളം),general.guardianConsentCheckbox,ui_common,I confirm that a parent or legal guardian has permitted me to use MANAS.,മാതാപിതാക്കളുടെയോ രക്ഷിതാക്കളുടെയോ അനുമതിയോടെയാണ് ഞാൻ MANAS ഉപയോഗിക്കുന്നത് എന്ന് സ്ഥിരീകരിക്കുന്നു.,needs native review,,,,
ml,Malayalam (മലയാളം),general.guardianConsentRequired,ui_common,Guardian consent is required for users under 18.,18 വയസ്സിൽ താഴെയുള്ളവർക്ക് രക്ഷിതാവിന്റെ അനുമതി നിർബന്ധമാണ്.,needs native review,,,,
ml,Malayalam (മലയാളം),general.ageHelperText,ui_common,Ages under 18 automatically activate minor protections.,18 വയസ്സിൽ താഴെയുള്ളവർക്ക് സുരക്ഷാ മോഡ് തനിയെ പ്രവർത്തിക്കും.,needs native review,,,,
ml,Malayalam (മലയാളം),general.title,ui_common,Progressive Muscle Relaxation,നിങ്ങൾക്ക് ഇഷ്ടമുള്ള ഭാഷ തിരഞ്ഞെടുക്കുക,needs native review,,,,
ml,Malayalam (മലയാളം),general.subtitle,ui_common,Test your microphone and pick a soothing voice for audio narration.,നിങ്ങളുടെ മാതൃഭാഷയിൽ സംസാരിക്കുക അല്ലെങ്കിൽ എപ്പോൾ വേണമെങ്കിലും മാറ്റുക.,needs native review,,,,
ml,Malayalam (മലയാളം),general.mascotGuide,ui_common,Let us make sure we can talk comfortably. Test your mic and pick a voice you find relaxing.,ഏത് ഭാഷയിലാണ് നിങ്ങൾക്ക് സംസാരിക്കാൻ കൂടുതൽ ആശ്വാസം തോന്നുന്നത്? എനിക്ക് 8 ഇന്ത്യൻ ഭാഷകൾ അറിയാം.,needs native review,,,,
ml,Malayalam (മലയാളം),general.title,ui_common,Progressive Muscle Relaxation,ബന്ധപ്പെടാനുള്ള വിവരങ്ങളും സുരക്ഷയും,needs native review,,,,
ml,Malayalam (മലയാളം),general.subtitle,ui_common,Test your microphone and pick a soothing voice for audio narration.,AES-256-GCM മുഖേന എൻക്രിപ്റ്റ് ചെയ്യുന്നു. അടിയന്തര സഹായത്തിന് മാത്രമായി ഉപയോഗിക്കുന്നു.,needs native review,,,,
ml,Malayalam (മലയാളം),general.mascotGuide,ui_common,Let us make sure we can talk comfortably. Test your mic and pick a voice you find relaxing.,നിങ്ങളുടെ വിവരങ്ങൾ അതീവ രഹസ്യമായി സൂക്ഷിക്കുന്നു. അവ ഒരിക്കലും AI മോഡലുകൾക്ക് കൈമാറില്ല.,needs native review,,,,
ml,Malayalam (മലയാളം),general.emailLabel,ui_common,Email Address,ഇമെയിൽ വിലാസം,needs native review,,,,
ml,Malayalam (മലയാളം),general.phoneLabel,ui_common,Mobile Phone (+91),മൊബൈൽ നമ്പർ (+91),needs native review,,,,
ml,Malayalam (മലയാളം),general.consentCheckbox,ui_common,"I consent to the secure, encrypted storage of my contact details for safety check-ins and emergency helpline referrals.",അടിയന്തര ഹെൽപ്പ്‌ലൈൻ സഹായത്തിനായി എന്റെ വിവരങ്ങൾ സുരക്ഷിതമായി സൂക്ഷിക്കാൻ ഞാൻ സമ്മതിക്കുന്നു.,needs native review,,,,
ml,Malayalam (മലയാളം),general.consentDetails,ui_common,"Under the DPDP Act 2023, your data is AES-256-GCM encrypted server-side with zero plaintext access. You can permanently delete your data at any time.",DPDP നിയമം 2023 പ്രകാരം വിവരങ്ങൾ പൂർണ്ണ സുരക്ഷിതമായി എൻക്രിപ്റ്റ് ചെയ്യുന്നു. എപ്പോൾ വേണമെങ്കിലും ഇത് ഇല്ലാതാക്കാം.,needs native review,,,,
ml,Malayalam (മലയാളം),general.sendOtp,ui_common,Send Verification OTP,സ്ഥിരീകരണ OTP അയക്കുക,needs native review,,,,
ml,Malayalam (മലയാളം),general.resendOtp,ui_common,Resend Code,കോഡ് വീണ്ടും അയക്കുക,needs native review,,,,
ml,Malayalam (മലയാളം),general.otpPlaceholder,ui_common,Enter 6-digit OTP,6 അക്ക OTP നൽകുക,needs native review,,,,
ml,Malayalam (മലയാളം),general.verifyOtp,ui_common,Verify Code,കോഡ് പരിശോധിക്കുക,needs native review,,,,
ml,Malayalam (മലയാളം),general.otpVerifiedSuccess,ui_common,Contact verified successfully!,വിവരങ്ങൾ വിജയകരമായി സ്ഥിരീകരിച്ചു!,needs native review,,,,
ml,Malayalam (മലയാളം),general.encryptionNotice,ui_common,AES-256-GCM Server-side Keyed Encryption with HMAC-SHA256 indexing,AES-256-GCM എൻക്രിപ്ഷനും HMAC-SHA256 സുരക്ഷയും,needs native review,,,,
ml,Malayalam (മലയാളം),general.neverSentToLlm,ui_common,Guaranteed: Contact info and original media are strictly isolated from the AI chat model.,ഉറപ്പ്: വിവരങ്ങളോ ചിത്രങ്ങളോ AI മോഡലിലേക്ക് അയക്കില്ല.,needs native review,,,,
ml,Malayalam (മലയാളം),general.title,ui_common,Progressive Muscle Relaxation,നിങ്ങളുടെ അവതാർ തിരഞ്ഞെടുക്കുക (ഐച്ഛികം),needs native review,,,,
ml,Malayalam (മലയാളം),general.subtitle,ui_common,Test your microphone and pick a soothing voice for audio narration.,"ഫോട്ടോ അപ്‌ലോഡ് ചെയ്യാം, ക്യാമറ ഉപയോഗിക്കാം അല്ലെങ്കിൽ ഞങ്ങളുടെ അവതാർ ഉപയോഗിക്കാം.",needs native review,,,,
ml,Malayalam (മലയാളം),general.mascotGuide,ui_common,Let us make sure we can talk comfortably. Test your mic and pick a voice you find relaxing.,നിങ്ങളുടെ അവതാർ മാറ്റാൻ ആഗ്രഹിക്കുന്നുണ്ടോ? നിങ്ങൾക്ക് ഫോട്ടോ ചേർക്കാം അല്ലെങ്കിൽ ഒഴിവാക്കാം.,needs native review,,,,
ml,Malayalam (മലയാളം),general.uploadButton,ui_common,Upload Image,ചിത്രം നൽകുക,needs native review,,,,
ml,Malayalam (മലയാളം),general.cameraButton,ui_common,Open Camera,ക്യാമറ തുറക്കുക,needs native review,,,,
ml,Malayalam (മലയാളം),general.takePhoto,ui_common,Take Photo,ഫോട്ടോ എടുക്കുക,needs native review,,,,
ml,Malayalam (മലയാളം),general.retake,ui_common,Retake,വീണ്ടും എടുക്കുക,needs native review,,,,
ml,Malayalam (മലയാളം),general.clientSideNotice,ui_common,Client-side only: Photos are kept strictly in your local browser and never sent to external LLMs.,"നിങ്ങളുടെ ഉപകരണത്തിൽ മാത്രം: ചിത്രങ്ങൾ നിങ്ങളുടെ ഫോണിൽ തന്നെ സൂക്ഷിക്കും, സെർവറിലേക്ക് പോകില്ല.",needs native review,,,,
ml,Malayalam (മലയാളം),general.skipNotice,ui_common,You can skip this step anytime and use our default soothing avatar.,നിങ്ങൾക്ക് ഈ ഘട്ടം ഒഴിവാക്കി ഞങ്ങളുടെ സാധാരണ അവതാർ ഉപയോഗിക്കാം.,needs native review,,,,
ml,Malayalam (മലയാളം),general.title,ui_common,Progressive Muscle Relaxation,ശബ്ദ സജ്ജീകരണം (ഐച്ഛികം),needs native review,,,,
ml,Malayalam (മലയാളം),general.subtitle,ui_common,Test your microphone and pick a soothing voice for audio narration.,മൈക്രോഫോൺ പരിശോധിച്ച് ശാന്തമായ ഒരു ശബ്ദം തിരഞ്ഞെടുക്കുക.,needs native review,,,,
ml,Malayalam (മലയാളം),general.mascotGuide,ui_common,Let us make sure we can talk comfortably. Test your mic and pick a voice you find relaxing.,നമുക്ക് സുഗമമായി സംസാരിക്കാൻ മൈക്ക് പരിശോധിച്ച് നിങ്ങൾക്ക് ഇഷ്ടമുള്ള ശബ്ദം തിരഞ്ഞെടുക്കുക.,needs native review,,,,
ml,Malayalam (മലയാളം),general.micTestButton,ui_common,Test Microphone,മൈക്രോഫോൺ പരിശോധിക്കുക,needs native review,,,,
ml,Malayalam (മലയാളം),general.micTesting,ui_common,Listening for audio...,ശബ്ദം കേൾക്കുന്നു...,needs native review,,,,
ml,Malayalam (മലയാളം),general.micGranted,ui_common,Microphone Connected & Verified!,മൈക്രോഫോൺ വിജയകരമായി ബന്ധിപ്പിച്ചു!,needs native review,,,,
ml,Malayalam (മലയാളം),general.voiceSelectLabel,ui_common,Companion Voice Timbre,കൂട്ടുകാരന്റെ ശബ്ദം,needs native review,,,,
ml,Malayalam (മലയാളം),general.playPreview,ui_common,Listen to Voice Sample,ശബ്ദം കേട്ടുനോക്കുക,needs native review,,,,
ml,Malayalam (മലയാളം),general.finishButton,ui_common,Complete Setup & Enter Chat,സജ്ജീകരണം പൂർത്തിയാക്കി സംസാരിക്കാം,needs native review,,,,
ml,Malayalam (മലയാളം),general.teleManasLabel,ui_common,Tele-MANAS National Helpline,ടെലി-മാനസ് ദേശീയ ഹെൽപ്പ്‌ലൈൻ,needs native review,,,,
ml,Malayalam (മലയാളം),general.teleManasNumber,ui_common,14416,14416,needs native review,,,,
ml,Malayalam (മലയാളം),general.teleManasDesc,ui_common,"24/7 Free, confidential government tele-mental health support across 20+ Indian languages (Toll-Free: 1800-891-4416).",ഭാരത സർക്കാരിന്റെ 24/7 സൗജന്യ മാനസികാരോഗ്യ സേവനം (ടോൾ ഫ്രീ: 1800-891-4416).,needs native review,,,,
ml,Malayalam (മലയാളം),general.emergencyLabel,ui_common,National Emergency Services,ദേശീയ അടിയന്തര സേവനങ്ങൾ,needs native review,,,,
ml,Malayalam (മലയാളം),general.emergencyNumber,ui_common,112,112,needs native review,,,,
ml,Malayalam (മലയാളം),general.childlineLabel,ui_common,Childline India (Under 18),ചൈൽഡ്‌ലൈൻ ഇന്ത്യ (18 വയസ്സിൽ താഴെ),needs native review,,,,
ml,Malayalam (മലയാളം),general.childlineNumber,ui_common,1098,1098,needs native review,,,,
ml,Malayalam (മലയാളം),general.childlineDesc,ui_common,24/7 Dedicated toll-free emergency helpline for children and adolescents.,കുട്ടികൾക്കും കൗമാരക്കാർക്കുമുള്ള സൗജന്യ അടിയന്തര സഹായം.,needs native review,,,,
ml,Malayalam (മലയാളം),general.crisisWarning,crisis_helpline,"If you are experiencing severe distress or thoughts of self-harm, please connect with a live counselor immediately.",നിങ്ങൾ കടുത്ത മാനസിക പ്രയാസത്തിലാണെങ്കിൽ ഉടൻ തന്നെ ഒരു കൗൺസിലറുമായി സംസാരിക്കുക.,needs native review,,,,
ml,Malayalam (മലയാളം),general.title,ui_common,Progressive Muscle Relaxation,ബോക്സ് ബ്രീത്തിംഗ് (സമ വൃത്തി),needs native review,,,,
ml,Malayalam (മലയാളം),general.description,ui_common,Systematically release physical tension stored in the body from stress.,മനസ്സിനെ ശാന്തമാക്കാനും സമ്മർദ്ദം കുറയ്ക്കാനും സഹായിക്കുന്ന ലളിതമായ ശ്വസന വ്യായാമം.,needs native review,,,,
ml,Malayalam (മലയാളം),general.title,ui_common,Progressive Muscle Relaxation,5-4-3-2-1 ഗ്രൗണ്ടിംഗ് രീതി,needs native review,,,,
ml,Malayalam (മലയാളം),general.description,ui_common,Systematically release physical tension stored in the body from stress.,ഉത്കണ്ഠയോ ഭയമോ തോന്നുമ്പോൾ മനസ്സിനെ ശാന്തമാക്കാനുള്ള രീതി.,needs native review,,,,
ml,Malayalam (മലയാളം),general.title,ui_common,Progressive Muscle Relaxation,മസിൽ റിലാക്സേഷൻ (PMR),needs native review,,,,
ml,Malayalam (മലയാളം),general.description,ui_common,Systematically release physical tension stored in the body from stress.,ശരീരത്തിലെ പേശികളുടെ പിരിമുറുക്കം ക്രമേണ അയവുള്ളതാക്കുന്ന വ്യായാമം.,needs native review,,,,
ml,Malayalam (മലയാളം),general.term,ui_common,Cognitive Reframing,ഉത്കണ്ഠ (Anxiety),needs native review,,,,
ml,Malayalam (മലയാളം),general.translation,ui_common,Cognitive Reframing,ഉത്കണ്ഠ / പരിഭ്രമം,needs native review,,,,
ml,Malayalam (മലയാളം),general.definition,ui_common,A core CBT practice of identifying distorted thought patterns and viewing situations from a balanced perspective.,"ഭാവി കാര്യങ്ങളെക്കുറിച്ചുള്ള അമിതമായ ഭയം, നെഞ്ചിടിപ്പ് അല്ലെങ്കിൽ അസ്വസ്ഥത.",needs native review,,,,
ml,Malayalam (മലയാളം),general.vernacularContext,ui_common,Shifting from ,"നെഞ്ചിൽ ഭാരം തോന്നുക, ഹൃദയം വേഗത്തിൽ ഇടിക്കുക, അനാവശ്യ ചിന്തകൾ വരിക.",needs native review,,,,
ml,Malayalam (മലയാളം),general.term,ui_common,Cognitive Reframing,വിഷാദം (Depression),needs native review,,,,
ml,Malayalam (മലയാളം),general.translation,ui_common,Cognitive Reframing,വിഷാദം / നിരാശ,needs native review,,,,
ml,Malayalam (മലയാളം),general.definition,ui_common,A core CBT practice of identifying distorted thought patterns and viewing situations from a balanced perspective.,"തുടർച്ചയായ ദുഃഖം, ഒന്നിലും താല്പര്യമില്ലായ്മ, ഊർജ്ജക്കുറവ്.",needs native review,,,,
ml,Malayalam (മലയാളം),general.vernacularContext,ui_common,Shifting from ,"മനസ്സ് ശൂന്യമായി തോന്നുക, ചെറിയ കാര്യങ്ങൾ പോലും ചെയ്യാൻ തോന്നാത്ത അവസ്ഥ.",needs native review,,,,
ml,Malayalam (മലയാളം),general.term,ui_common,Cognitive Reframing,മാനസിക സമ്മർദ്ദം (Overwhelm),needs native review,,,,
ml,Malayalam (മലയാളം),general.translation,ui_common,Cognitive Reframing,അമിത ഭാരം / സമ്മർദ്ദം,needs native review,,,,
ml,Malayalam (മലയാളം),general.definition,ui_common,A core CBT practice of identifying distorted thought patterns and viewing situations from a balanced perspective.,പഠനമോ ജോലിയോ കുടുംബ പ്രശ്നങ്ങളോ കാരണം മനസ്സിന് താങ്ങാനാവാത്ത അവസ്ഥ.,needs native review,,,,
ml,Malayalam (മലയാളം),general.vernacularContext,ui_common,Shifting from ,തലയ്ക്ക് വല്ലാത്ത ഭാരം തോന്നി ഒന്നും ചെയ്യാൻ കഴിയാതെ വരിക.,needs native review,,,,
ml,Malayalam (മലയാളം),general.term,ui_common,Cognitive Reframing,ആശ്വാസ വഴികൾ (Coping Mechanism),needs native review,,,,
ml,Malayalam (മലയാളം),general.translation,ui_common,Cognitive Reframing,പ്രതിരോധ മാർഗ്ഗങ്ങൾ,needs native review,,,,
ml,Malayalam (മലയാളം),general.definition,ui_common,A core CBT practice of identifying distorted thought patterns and viewing situations from a balanced perspective.,സങ്കടങ്ങളെ ആരോഗ്യകരമായി നേരിടാനുള്ള ശീലങ്ങൾ.,needs native review,,,,
ml,Malayalam (മലയാളം),general.vernacularContext,ui_common,Shifting from ,"ദീർഘശ്വാസം, ഡയറി എഴുത്ത്, സുഹൃത്തുക്കളോട് തുറന്നു സംസാരിക്കൽ.",needs native review,,,,
ml,Malayalam (മലയാളം),general.term,ui_common,Cognitive Reframing,ചിന്തകളെ തിരുത്തൽ (Cognitive Reframing),needs native review,,,,
ml,Malayalam (മലയാളം),general.translation,ui_common,Cognitive Reframing,പോസിറ്റീവ് ചിന്ത,needs native review,,,,
ml,Malayalam (മലയാളം),general.definition,ui_common,A core CBT practice of identifying distorted thought patterns and viewing situations from a balanced perspective.,നെഗറ്റീവ് ചിന്തകളെ തിരിച്ചറിഞ്ഞ് ശരിയായ രീതിയിൽ കാണാൻ ശ്രമിക്കുക.,needs native review,,,,
ml,Malayalam (മലയാളം),general.userMessage,ui_common,Everything feels completely meaningless and I feel like disappearing.,"പരീക്ഷയിൽ പ്രതീക്ഷിച്ച മാർക്ക് കിട്ടിയില്ല, ഞാൻ ഒന്നിനും കൊള്ളില്ല എന്ന് തോന്നുന്നു.",needs native review,,,,
ml,Malayalam (മലയാളം),general.recommendedReply,ui_common,"I hear how unbearable this weight is right now, and I care deeply about your safety. You do not have to carry this alone. Please reach out right now to Tele-MANAS at 14416 (toll-free 24/7) or call 112. There are compassionate counselors ready to listen and support you through tonight.",ഇത്രയും കഷ്ടപ്പെട്ട് പഠിച്ചിട്ടും വിചാരിച്ച പോലെ റിസൾട്ട് വരാതിരിക്കുമ്പോൾ വല്ലാത്ത സങ്കടം തോന്നുന്നത് സ്വാഭാവികമാണ്. എന്നാൽ ഒരു പരീക്ഷയിലെ മാർക്ക് നിങ്ങളുടെ വ്യക്തിത്വത്തെയോ ഭാവിയെയോ നിർണ്ണയിക്കുന്നില്ല. ഇപ്പോൾ മനസ്സിൽ ഏറ്റവും ഭാരമായി തോന്നുന്ന കാര്യത്തെക്കുറിച്ച് നമുക്ക് സംസാരിക്കാമോ?,needs native review,,,,
ml,Malayalam (മലയാളം),general.strategyUsed,ui_common,crisis_intervention,validate_and_reframe,needs native review,,,,
ml,Malayalam (മലയാളം),general.userMessage,ui_common,Everything feels completely meaningless and I feel like disappearing.,"ഇന്ന് ഉറക്കം വരുന്നില്ല, എളുപ്പത്തിൽ ഉറങ്ങാൻ 3 വഴികൾ പറഞ്ഞുതരുമോ?",needs native review,,,,
ml,Malayalam (മലയാളം),general.recommendedReply,ui_common,"I hear how unbearable this weight is right now, and I care deeply about your safety. You do not have to carry this alone. Please reach out right now to Tele-MANAS at 14416 (toll-free 24/7) or call 112. There are compassionate counselors ready to listen and support you through tonight.","ഇന്ന് സുഖമായി ഉറങ്ങാൻ ഈ 3 കാര്യങ്ങൾ ചെയ്തുനോക്കൂ: 1) ഉറങ്ങുന്നതിന് അരമണിക്കൂർ മുൻപ് ഫോൺ മാറ്റിവെക്കുക, മുറിയിലെ വെളിച്ചം കുറയ്ക്കുക. 2) നാളെ ചെയ്യേണ്ട 2 കാര്യങ്ങൾ ഒരു പേപ്പറിൽ എഴുതിവെക്കുക. 3) കിടക്കയിൽ കിടന്ന് 5 തവണ സാവധാനം ശ്വാസമെടുത്ത് പുറത്തുവിടുക.",needs native review,,,,
ml,Malayalam (മലയാളം),general.strategyUsed,ui_common,crisis_intervention,small_action_step,needs native review,,,,
ml,Malayalam (മലയാളം),general.userMessage,ui_common,Everything feels completely meaningless and I feel like disappearing.,"എനിക്ക് ഇനി ജീവിക്കാൻ തോന്നുന്നില്ല, എല്ലാം അവസാനിപ്പിക്കണം.",needs native review,,,,
ml,Malayalam (മലയാളം),general.recommendedReply,ui_common,"I hear how unbearable this weight is right now, and I care deeply about your safety. You do not have to carry this alone. Please reach out right now to Tele-MANAS at 14416 (toll-free 24/7) or call 112. There are compassionate counselors ready to listen and support you through tonight.",നിങ്ങൾ അനുഭവിക്കുന്ന വേദന എത്രത്തോളമുണ്ടെന്ന് എനിക്ക് മനസ്സിലാക്കാൻ സാധിക്കുന്നുണ്ട്. എന്നാൽ നിങ്ങൾ തനിച്ചല്ല. ദയവായി ഇപ്പോൾ തന്നെ ഭാരത സർക്കാരിന്റെ സൗജന്യ 24/7 ടെലി-മാനസ് ഹെൽപ്പ്‌ലൈൻ 14416 അല്ലെങ്കിൽ 112 ലേക്ക് വിളിക്കൂ. നിങ്ങളെ കേൾക്കാനും സഹായിക്കാനും വിദഗ്ദ്ധർ അവിടെയുണ്ട്.,needs native review,,,,
ml,Malayalam (മലയാളം),general.strategyUsed,ui_common,crisis_intervention,crisis_intervention,needs native review,,,,
bn,Bengali (বাংলা),general.back,ui_common,Back,পেছনে,needs native review,,,,
bn,Bengali (বাংলা),general.next,ui_common,Next,পরবর্তী,needs native review,,,,
bn,Bengali (বাংলা),general.skip,ui_common,Skip for now,এখনই এড়িয়ে যান,needs native review,,,,
bn,Bengali (বাংলা),general.continue,ui_common,Continue,চালিয়ে যান,needs native review,,,,
bn,Bengali (বাংলা),general.complete,ui_common,Enter Chat with MANAS,MANAS-এর সাথে কথা বলুন,needs native review,,,,
bn,Bengali (বাংলা),general.deleteData,ui_common,Delete My Data,আমার ডেটা মুছে ফেলুন,needs native review,,,,
bn,Bengali (বাংলা),general.cancel,ui_common,Cancel,বাতিল করুন,needs native review,,,,
bn,Bengali (বাংলা),general.confirm,ui_common,Confirm,নিশ্চিত করুন,needs native review,,,,
bn,Bengali (বাংলা),general.loading,ui_common,Loading...,লোড হচ্ছে...,needs native review,,,,
bn,Bengali (বাংলা),general.verified,ui_common,Verified,যাচাই করা হয়েছে,needs native review,,,,
bn,Bengali (বাংলা),general.error,ui_common,An error occurred,একটি ত্রুটি ঘটেছে,needs native review,,,,
bn,Bengali (বাংলা),general.title,ui_common,Progressive Muscle Relaxation,আমরা আপনাকে কী নামে ডাকব?,needs native review,,,,
bn,Bengali (বাংলা),general.subtitle,ui_common,Test your microphone and pick a soothing voice for audio narration.,"আপনার নাম, একটি ডাকনাম বা যে নামে আপনি স্বাচ্ছন্দ্যবোধ করেন।",needs native review,,,,
bn,Bengali (বাংলা),general.mascotGuide,ui_common,Let us make sure we can talk comfortably. Test your mic and pick a voice you find relaxing.,নমস্কার! আমি MANAS। আমাদের যাত্রা শুরু করার জন্য আপনাকে কী নামে ডাকব?,needs native review,,,,
bn,Bengali (বাংলা),general.placeholder,ui_common,Enter your preferred name...,আপনার নাম লিখুন...,needs native review,,,,
bn,Bengali (বাংলা),general.helpText,ui_common,You do not need to use your legal name. Pick whatever feels comfortable.,আসল নাম দেওয়ার প্রয়োজন নেই। আপনার পছন্দের নাম বেছে নিন।,needs native review,,,,
bn,Bengali (বাংলা),general.title,ui_common,Progressive Muscle Relaxation,আপনার বয়স কত?,needs native review,,,,
bn,Bengali (বাংলা),general.subtitle,ui_common,Test your microphone and pick a soothing voice for audio narration.,এটি আপনার সাথে কথোপকথনের ভাষা ও সুরক্ষা পদ্ধতি নির্ধারণ করতে সাহায্য করে।,needs native review,,,,
bn,Bengali (বাংলা),general.mascotGuide,ui_common,Let us make sure we can talk comfortably. Test your mic and pick a voice you find relaxing.,আপনার বয়স জানা থাকলে আমি আপনাকে আরও ভালো ও সুরক্ষিতভাবে সহায়তা করতে পারব।,needs native review,,,,
bn,Bengali (বাংলা),general.minorSafeActive,ui_common,Minor-Safe Mode Active,নাবালক সুরক্ষা মোড সক্রিয় (Minor-Safe Mode),needs native review,,,,
bn,Bengali (বাংলা),general.minorSafeDesc,ui_common,"Because you are under 18, we activate additional privacy safeguards and prioritize teen emergency support.",আপনার বয়স ১৮ বছরের নিচে হওয়ায় অতিরিক্ত গোপনীয়তা ও ১০৯৮ চাইল্ডলাইন সুরক্ষা চালু করা হয়েছে।,needs native review,,,,
bn,Bengali (বাংলা),general.guardianConsentCheckbox,ui_common,I confirm that a parent or legal guardian has permitted me to use MANAS.,আমি নিশ্চিত করছি যে অভিভাবকের অনুমতি নিয়েই আমি MANAS ব্যবহার করছি।,needs native review,,,,
bn,Bengali (বাংলা),general.guardianConsentRequired,ui_common,Guardian consent is required for users under 18.,১৮ বছরের কম বয়সীদের জন্য অভিভাবকের সম্মতি আবশ্যক।,needs native review,,,,
bn,Bengali (বাংলা),general.ageHelperText,ui_common,Ages under 18 automatically activate minor protections.,১৮ বছরের কম বয়স হলে স্বয়ংক্রিয়ভাবে শিশু সুরক্ষা মোড চালু হয়।,needs native review,,,,
bn,Bengali (বাংলা),general.title,ui_common,Progressive Muscle Relaxation,আপনার পছন্দের ভাষা বেছে নিন,needs native review,,,,
bn,Bengali (বাংলা),general.subtitle,ui_common,Test your microphone and pick a soothing voice for audio narration.,আপনার মাতৃভাষায় কথা বলুন বা যেকোনো সময় ভাষা পরিবর্তন করুন।,needs native review,,,,
bn,Bengali (বাংলা),general.mascotGuide,ui_common,Let us make sure we can talk comfortably. Test your mic and pick a voice you find relaxing.,কোন ভাষায় কথা বলতে আপনার সবচেয়ে স্বস্তি হবে? আমি ৮টি ভারতীয় ভাষায় কথা বলতে পারি।,needs native review,,,,
bn,Bengali (বাংলা),general.title,ui_common,Progressive Muscle Relaxation,যোগাযোগ ও সুরক্ষা যাচাইকরণ,needs native review,,,,
bn,Bengali (বাংলা),general.subtitle,ui_common,Test your microphone and pick a soothing voice for audio narration.,AES-256-GCM এনক্রিপশনের মাধ্যমে সম্পূর্ণ সুরক্ষিত। কেবল জরুরি প্রয়োজনে ব্যবহৃত হয়।,needs native review,,,,
bn,Bengali (বাংলা),general.mascotGuide,ui_common,Let us make sure we can talk comfortably. Test your mic and pick a voice you find relaxing.,আপনার যোগাযোগের তথ্য সম্পূর্ণ নিরাপদ রাখা হয়। এগুলো কখনোই AI মডেলে পাঠানো হয় না।,needs native review,,,,
bn,Bengali (বাংলা),general.emailLabel,ui_common,Email Address,ইমেল ঠিকানা,needs native review,,,,
bn,Bengali (বাংলা),general.phoneLabel,ui_common,Mobile Phone (+91),মোবাইল নম্বর (+91),needs native review,,,,
bn,Bengali (বাংলা),general.consentCheckbox,ui_common,"I consent to the secure, encrypted storage of my contact details for safety check-ins and emergency helpline referrals.",সুরক্ষা চেক-ইন এবং জরুরি সহায়তার জন্য আমার যোগাযোগের তথ্য সুরক্ষিত সংরক্ষণে আমি সম্মতি দিচ্ছি।,needs native review,,,,
bn,Bengali (বাংলা),general.consentDetails,ui_common,"Under the DPDP Act 2023, your data is AES-256-GCM encrypted server-side with zero plaintext access. You can permanently delete your data at any time.",DPDP আইন ২০২৩ অনুসারে আপনার তথ্য AES-256-GCM এনক্রিপশনে সুরক্ষিত। আপনি যেকোনো সময় এটি মুছে ফেলতে পারেন।,needs native review,,,,
bn,Bengali (বাংলা),general.sendOtp,ui_common,Send Verification OTP,যাচাইকরণ OTP পাঠান,needs native review,,,,
bn,Bengali (বাংলা),general.resendOtp,ui_common,Resend Code,কোড পুনরায় পাঠান,needs native review,,,,
bn,Bengali (বাংলা),general.otpPlaceholder,ui_common,Enter 6-digit OTP,৬ সংখ্যার OTP লিখুন,needs native review,,,,
bn,Bengali (বাংলা),general.verifyOtp,ui_common,Verify Code,কোড যাচাই করুন,needs native review,,,,
bn,Bengali (বাংলা),general.otpVerifiedSuccess,ui_common,Contact verified successfully!,যোগাযোগ সফলভাবে যাচাই করা হয়েছে!,needs native review,,,,
bn,Bengali (বাংলা),general.encryptionNotice,ui_common,AES-256-GCM Server-side Keyed Encryption with HMAC-SHA256 indexing,AES-256-GCM এনক্রিপশন এবং HMAC-SHA256 ইনডেক্সিং,needs native review,,,,
bn,Bengali (বাংলা),general.neverSentToLlm,ui_common,Guaranteed: Contact info and original media are strictly isolated from the AI chat model.,নিশ্চয়তা: যোগাযোগের তথ্য এবং ফটো কখনোই AI মডেলে পাঠানো হবে না।,needs native review,,,,
bn,Bengali (বাংলা),general.title,ui_common,Progressive Muscle Relaxation,আপনার অবতার বেছে নিন (ঐচ্ছিক),needs native review,,,,
bn,Bengali (বাংলা),general.subtitle,ui_common,Test your microphone and pick a soothing voice for audio narration.,"ছবি আপলোড করুন, ক্যামেরা খুলুন বা আমাদের অবতার বেছে নিন।",needs native review,,,,
bn,Bengali (বাংলা),general.mascotGuide,ui_common,Let us make sure we can talk comfortably. Test your mic and pick a voice you find relaxing.,আপনি কি আপনার অবতার সাজাতে চান? ছবি আপলোড করতে পারেন বা এটি এড়িয়ে যেতে পারেন।,needs native review,,,,
bn,Bengali (বাংলা),general.uploadButton,ui_common,Upload Image,ছবি আপলোড করুন,needs native review,,,,
bn,Bengali (বাংলা),general.cameraButton,ui_common,Open Camera,ক্যামেরা খুলুন,needs native review,,,,
bn,Bengali (বাংলা),general.takePhoto,ui_common,Take Photo,ছবি তুলুন,needs native review,,,,
bn,Bengali (বাংলা),general.retake,ui_common,Retake,আবার তুলুন,needs native review,,,,
bn,Bengali (বাংলা),general.clientSideNotice,ui_common,Client-side only: Photos are kept strictly in your local browser and never sent to external LLMs.,"কেবল আপনার ব্রাউজারে: ছবি আপনার ডিভাইসেই থাকে, সার্ভারে পাঠানো হয় না।",needs native review,,,,
bn,Bengali (বাংলা),general.skipNotice,ui_common,You can skip this step anytime and use our default soothing avatar.,আপনি যেকোনো সময় এই ধাপটি এড়িয়ে আমাদের সাধারণ অবতার ব্যবহার করতে পারেন।,needs native review,,,,
bn,Bengali (বাংলা),general.title,ui_common,Progressive Muscle Relaxation,ভয়েস সেটআপ (ঐচ্ছিক),needs native review,,,,
bn,Bengali (বাংলা),general.subtitle,ui_common,Test your microphone and pick a soothing voice for audio narration.,মাইক্রোফোন পরীক্ষা করুন এবং একটি শান্ত কণ্ঠস্বর বেছে নিন।,needs native review,,,,
bn,Bengali (বাংলা),general.mascotGuide,ui_common,Let us make sure we can talk comfortably. Test your mic and pick a voice you find relaxing.,আমরা যাতে সহজে কথা বলতে পারি সেজন্য মাইক পরীক্ষা করুন এবং পছন্দের কণ্ঠ বেছে নিন।,needs native review,,,,
bn,Bengali (বাংলা),general.micTestButton,ui_common,Test Microphone,মাইক্রোফোন পরীক্ষা করুন,needs native review,,,,
bn,Bengali (বাংলা),general.micTesting,ui_common,Listening for audio...,শব্দ শোনা হচ্ছে...,needs native review,,,,
bn,Bengali (বাংলা),general.micGranted,ui_common,Microphone Connected & Verified!,মাইক্রোফোন সফলভাবে সংযুক্ত হয়েছে!,needs native review,,,,
bn,Bengali (বাংলা),general.voiceSelectLabel,ui_common,Companion Voice Timbre,সঙ্গীর কণ্ঠস্বর নির্বাচন,needs native review,,,,
bn,Bengali (বাংলা),general.playPreview,ui_common,Listen to Voice Sample,ভয়েসের নমুনা শুনুন,needs native review,,,,
bn,Bengali (বাংলা),general.finishButton,ui_common,Complete Setup & Enter Chat,সেটআপ সম্পন্ন করে কথা বলা শুরু করুন,needs native review,,,,
bn,Bengali (বাংলা),general.teleManasLabel,ui_common,Tele-MANAS National Helpline,টেলি-মানস জাতীয় হেল্পলাইন,needs native review,,,,
bn,Bengali (বাংলা),general.teleManasNumber,ui_common,14416,14416,needs native review,,,,
bn,Bengali (বাংলা),general.teleManasDesc,ui_common,"24/7 Free, confidential government tele-mental health support across 20+ Indian languages (Toll-Free: 1800-891-4416).",ভারত সরকারের ২৪/৭ বিনামূল্যে গোপনীয় মানসিক স্বাস্থ্য সহায়তা (টোল-ফ্রি: 1800-891-4416)।,needs native review,,,,
bn,Bengali (বাংলা),general.emergencyLabel,ui_common,National Emergency Services,জাতীয় জরুরি পরিষেবা,needs native review,,,,
bn,Bengali (বাংলা),general.emergencyNumber,ui_common,112,112,needs native review,,,,
bn,Bengali (বাংলা),general.childlineLabel,ui_common,Childline India (Under 18),চাইল্ডলাইন ইন্ডিয়া (১৮ বছরের নিচে),needs native review,,,,
bn,Bengali (বাংলা),general.childlineNumber,ui_common,1098,1098,needs native review,,,,
bn,Bengali (বাংলা),general.childlineDesc,ui_common,24/7 Dedicated toll-free emergency helpline for children and adolescents.,শিশু ও কিশোর-কিশোরীদের জন্য ২৪/৭ বিনামূল্যে জরুরি হেল্পলাইন।,needs native review,,,,
bn,Bengali (বাংলা),general.crisisWarning,crisis_helpline,"If you are experiencing severe distress or thoughts of self-harm, please connect with a live counselor immediately.",আপনি যদি মারাত্মক মানসিক কষ্টে থাকেন তবে অবিলম্বে একজন কাউন্সেলরের সাথে কথা বলুন।,needs native review,,,,
bn,Bengali (বাংলা),general.title,ui_common,Progressive Muscle Relaxation,বক্স ব্রিদিং (সম বৃত্তি প্রাণায়াম),needs native review,,,,
bn,Bengali (বাংলা),general.description,ui_common,Systematically release physical tension stored in the body from stress.,স্নায়ুতন্ত্রকে শান্ত করতে এবং মানসিক চাপ কমাতে একটি বৈজ্ঞানিক শ্বাস-প্রশ্বাসের ব্যায়াম।,needs native review,,,,
bn,Bengali (বাংলা),general.title,ui_common,Progressive Muscle Relaxation,৫-৪-৩-২-১ গ্রাউন্ডিং পদ্ধতি,needs native review,,,,
bn,Bengali (বাংলা),general.description,ui_common,Systematically release physical tension stored in the body from stress.,অতিরিক্ত উদ্বেগ বা ভয়ের সময় বর্তমানে ফিরে আসার একটি অত্যন্ত কার্যকরী উপায়।,needs native review,,,,
bn,Bengali (বাংলা),general.title,ui_common,Progressive Muscle Relaxation,প্রগ্রেসিভ পেশী শিথিলকরণ (PMR),needs native review,,,,
bn,Bengali (বাংলা),general.description,ui_common,Systematically release physical tension stored in the body from stress.,মানসিক চাপের কারণে শরীরে তৈরি হওয়া টানটান ভাব ধীরে ধীরে দূর করার ব্যায়াম।,needs native review,,,,
bn,Bengali (বাংলা),general.term,ui_common,Cognitive Reframing,উদ্বেগ (Anxiety),needs native review,,,,
bn,Bengali (বাংলা),general.translation,ui_common,Cognitive Reframing,উদ্বেগ / ভয়,needs native review,,,,
bn,Bengali (বাংলা),general.definition,ui_common,A core CBT practice of identifying distorted thought patterns and viewing situations from a balanced perspective.,"ভবিষ্যতের অনিশ্চিত ঘটনা নিয়ে অতিরিক্ত ভয়, বুক ধড়ফড় বা অস্থিরতা।",needs native review,,,,
bn,Bengali (বাংলা),general.vernacularContext,ui_common,Shifting from ,"বুকে চাপ লাগা, অতিরিক্ত দুশ্চিন্তা এবং খারাপ কিছু ঘটার ভয়।",needs native review,,,,
bn,Bengali (বাংলা),general.term,ui_common,Cognitive Reframing,বিষণ্ণতা (Depression),needs native review,,,,
bn,Bengali (বাংলা),general.translation,ui_common,Cognitive Reframing,বিষণ্ণতা / মনমরা ভাব,needs native review,,,,
bn,Bengali (বাংলা),general.definition,ui_common,A core CBT practice of identifying distorted thought patterns and viewing situations from a balanced perspective.,"দীর্ঘস্থায়ী দুঃখ, কোনো কাজে আগ্রহ না থাকা এবং শক্তির অভাব।",needs native review,,,,
bn,Bengali (বাংলা),general.vernacularContext,ui_common,Shifting from ,"ভেতরটা একদম ফাঁকা লাগা, ছোট কাজ করতেও অসম্ভব ক্লান্তি আসা।",needs native review,,,,
bn,Bengali (বাংলা),general.term,ui_common,Cognitive Reframing,অতিরিক্ত মানসিক চাপ (Overwhelm),needs native review,,,,
bn,Bengali (বাংলা),general.translation,ui_common,Cognitive Reframing,চাপ / ক্লান্তি,needs native review,,,,
bn,Bengali (বাংলা),general.definition,ui_common,A core CBT practice of identifying distorted thought patterns and viewing situations from a balanced perspective.,পরীক্ষা বা পারিবারিক দায়িত্বের কারণে মন অতিরিক্ত ভারাক্রান্ত হওয়া।,needs native review,,,,
bn,Bengali (বাংলা),general.vernacularContext,ui_common,Shifting from ,মাথায় প্রচণ্ড বোঝা চেপে বসেছে এমন অনুভূতি হওয়া।,needs native review,,,,
bn,Bengali (বাংলা),general.term,ui_common,Cognitive Reframing,মোকাবিলার উপায় (Coping Mechanism),needs native review,,,,
bn,Bengali (বাংলা),general.translation,ui_common,Cognitive Reframing,উপশমের উপায়,needs native review,,,,
bn,Bengali (বাংলা),general.definition,ui_common,A core CBT practice of identifying distorted thought patterns and viewing situations from a balanced perspective.,কঠিন অনুভূতি ও চাপকে স্বাস্থ্যকরভাবে সামলানোর অভ্যাস।,needs native review,,,,
bn,Bengali (বাংলা),general.vernacularContext,ui_common,Shifting from ,"গভীর শ্বাস নেওয়া, ডায়েরি লেখা বা বিশ্বস্ত বন্ধুদের সাথে কথা বলা।",needs native review,,,,
bn,Bengali (বাংলা),general.term,ui_common,Cognitive Reframing,ভাবনার ইতিবাচক রূপান্তর (Cognitive Reframing),needs native review,,,,
bn,Bengali (বাংলা),general.translation,ui_common,Cognitive Reframing,ইতিবাচক ভাবনা,needs native review,,,,
bn,Bengali (বাংলা),general.definition,ui_common,A core CBT practice of identifying distorted thought patterns and viewing situations from a balanced perspective.,নেতিবাচক চিন্তাভাবনা বদলে ভারসাম্যপূর্ণ দৃষ্টিভঙ্গি গ্রহণ করা।,needs native review,,,,
bn,Bengali (বাংলা),general.userMessage,ui_common,Everything feels completely meaningless and I feel like disappearing.,"কাট অফ মার্ক পার করতে পারলাম না, নিজেকে একদম ব্যর্থ মনে হচ্ছে।",needs native review,,,,
bn,Bengali (বাংলা),general.recommendedReply,ui_common,"I hear how unbearable this weight is right now, and I care deeply about your safety. You do not have to carry this alone. Please reach out right now to Tele-MANAS at 14416 (toll-free 24/7) or call 112. There are compassionate counselors ready to listen and support you through tonight.","এত পরিশ্রম করার পর আশানুরূপ ফল না পেলে খারাপ লাগা খুবই স্বাভাবিক। কিন্তু একটি পরীক্ষার নম্বর আপনার সম্পূর্ণ যোগ্যতা বা ভবিষ্যৎ নির্ধারণ করে না। এখন মনের মধ্যে যে চিন্তাটি সবচেয়ে ভারী লাগছে, সে বিষয়ে কি কথা বলতে চান?",needs native review,,,,
bn,Bengali (বাংলা),general.strategyUsed,ui_common,crisis_intervention,validate_and_reframe,needs native review,,,,
bn,Bengali (বাংলা),general.userMessage,ui_common,Everything feels completely meaningless and I feel like disappearing.,"আজ রাতে একদম ঘুম আসছে না, সহজে ঘুমানোর ৩টি উপায় বলুন।",needs native review,,,,
bn,Bengali (বাংলা),general.recommendedReply,ui_common,"I hear how unbearable this weight is right now, and I care deeply about your safety. You do not have to carry this alone. Please reach out right now to Tele-MANAS at 14416 (toll-free 24/7) or call 112. There are compassionate counselors ready to listen and support you through tonight.",আজ রাতে আরামদায়ক ঘুমের জন্য এই ৩টি সহজ কাজ করতে পারেন: ১) ঘুমানোর ৩০ মিনিট আগে ফোন দূরে রাখুন ও আলো কমিয়ে দিন। ২) আগামীকালের ২টি জরুরি কাজ কাগজে লিখে রাখুন যাতে মন দুশ্চিন্তা ছেড়ে দেয়। ৩) বিছানায় শুয়ে ৫ বার ধীরে ধীরে পেট ভরে শ্বাস নিন ও ছাড়ুন।,needs native review,,,,
bn,Bengali (বাংলা),general.strategyUsed,ui_common,crisis_intervention,small_action_step,needs native review,,,,
bn,Bengali (বাংলা),general.userMessage,ui_common,Everything feels completely meaningless and I feel like disappearing.,"আমার আর বেঁচে থাকার ইচ্ছে নেই, সব শেষ করে দিতে ইচ্ছে করছে।",needs native review,,,,
bn,Bengali (বাংলা),general.recommendedReply,ui_common,"I hear how unbearable this weight is right now, and I care deeply about your safety. You do not have to carry this alone. Please reach out right now to Tele-MANAS at 14416 (toll-free 24/7) or call 112. There are compassionate counselors ready to listen and support you through tonight.",আপনি এখন যে ব্যথার মধ্য দিয়ে যাচ্ছেন তা কতটা অসহনীয় তা আমি বুঝতে পারছি। কিন্তু আপনি একা নন। অনুগ্রহ করে এখনই ভারত সরকারের ২৪/৭ বিনামূল্যে টেলি-মানস হেল্পলাইন ১৪৪১৬ অথবা ১১২ নম্বরে ফোন করুন। সেখানে অভিজ্ঞ কাউন্সেলর আপনার পাশে থাকার জন্য প্রস্তুত আছেন।,needs native review,,,,
bn,Bengali (বাংলা),general.strategyUsed,ui_common,crisis_intervention,crisis_intervention,needs native review,,,,
mr,Marathi (मराठी),general.back,ui_common,Back,मागे,needs native review,,,,
mr,Marathi (मराठी),general.next,ui_common,Next,पुढे,needs native review,,,,
mr,Marathi (मराठी),general.skip,ui_common,Skip for now,आत्ता वगळा,needs native review,,,,
mr,Marathi (मराठी),general.continue,ui_common,Continue,पुढे सुरू ठेवा,needs native review,,,,
mr,Marathi (मराठी),general.complete,ui_common,Enter Chat with MANAS,MANAS सोबत संवाद सुरू करा,needs native review,,,,
mr,Marathi (मराठी),general.deleteData,ui_common,Delete My Data,माझा डेटा हटवा,needs native review,,,,
mr,Marathi (मराठी),general.cancel,ui_common,Cancel,रद्द करा,needs native review,,,,
mr,Marathi (मराठी),general.confirm,ui_common,Confirm,पुष्टी करा,needs native review,,,,
mr,Marathi (मराठी),general.loading,ui_common,Loading...,लोड होत आहे...,needs native review,,,,
mr,Marathi (मराठी),general.verified,ui_common,Verified,सत्यापित,needs native review,,,,
mr,Marathi (मराठी),general.error,ui_common,An error occurred,एक त्रुटी आढळली,needs native review,,,,
mr,Marathi (मराठी),general.title,ui_common,Progressive Muscle Relaxation,आम्ही तुम्हाला कोणत्या नावाने हाक मारावी?,needs native review,,,,
mr,Marathi (मराठी),general.subtitle,ui_common,Test your microphone and pick a soothing voice for audio narration.,"तुमचे नाव, टोपणनाव किंवा तुम्हाला आवडेल ते नाव.",needs native review,,,,
mr,Marathi (मराठी),general.mascotGuide,ui_common,Let us make sure we can talk comfortably. Test your mic and pick a voice you find relaxing.,नमस्कार! मी MANAS. आपल्या प्रवासाची सुरुवात करताना मी तुम्हाला काय म्हणून हाक मारू?,needs native review,,,,
mr,Marathi (मराठी),general.placeholder,ui_common,Enter your preferred name...,तुमचे नाव लिहा...,needs native review,,,,
mr,Marathi (मराठी),general.helpText,ui_common,You do not need to use your legal name. Pick whatever feels comfortable.,अधिकृत नाव देण्याची गरज नाही. जे नाव तुम्हाला आपलेसे वाटते ते निवडा.,needs native review,,,,
mr,Marathi (मराठी),general.title,ui_common,Progressive Muscle Relaxation,तुमचे वय किती आहे?,needs native review,,,,
mr,Marathi (मराठी),general.subtitle,ui_common,Test your microphone and pick a soothing voice for audio narration.,यामुळे योग्य शब्द आणि सुरक्षा नियम ठरवण्यास मदत होते.,needs native review,,,,
mr,Marathi (मराठी),general.mascotGuide,ui_common,Let us make sure we can talk comfortably. Test your mic and pick a voice you find relaxing.,तुमचे वय समजल्यास मला तुमची काळजी घेणे आणि योग्य मदत करणे सोपे जाईल.,needs native review,,,,
mr,Marathi (मराठी),general.minorSafeActive,ui_common,Minor-Safe Mode Active,अल्पवयीन सुरक्षा मोड सक्रिय (Minor-Safe Mode),needs native review,,,,
mr,Marathi (मराठी),general.minorSafeDesc,ui_common,"Because you are under 18, we activate additional privacy safeguards and prioritize teen emergency support.",तुमचे वय १८ पेक्षा कमी असल्याने अतिरिक्त गोपनीयता आणि १०९८ हेल्पलाईन सुरक्षा सुरू करण्यात आली आहे.,needs native review,,,,
mr,Marathi (मराठी),general.guardianConsentCheckbox,ui_common,I confirm that a parent or legal guardian has permitted me to use MANAS.,मी पुष्टी करतो/करते की मला पालकांची MANAS वापरण्याची संमती आहे.,needs native review,,,,
mr,Marathi (मराठी),general.guardianConsentRequired,ui_common,Guardian consent is required for users under 18.,१८ वर्षांखालील व्यक्तींसाठी पालकांची संमती अनिवार्य आहे.,needs native review,,,,
mr,Marathi (मराठी),general.ageHelperText,ui_common,Ages under 18 automatically activate minor protections.,१८ वर्षांखालील मुलांसाठी सुरक्षा मोड आपोआप सुरू होतो.,needs native review,,,,
mr,Marathi (मराठी),general.title,ui_common,Progressive Muscle Relaxation,तुमची पसंतीची भाषा निवडा,needs native review,,,,
mr,Marathi (मराठी),general.subtitle,ui_common,Test your microphone and pick a soothing voice for audio narration.,तुमच्या मातृभाषेत बोला किंवा कधीही भाषा बदला.,needs native review,,,,
mr,Marathi (मराठी),general.mascotGuide,ui_common,Let us make sure we can talk comfortably. Test your mic and pick a voice you find relaxing.,कोणत्या भाषेत बोलणे तुम्हाला सर्वात सोपे वाटते? मी ८ भारतीय भाषांमध्ये बोलू शकतो.,needs native review,,,,
mr,Marathi (मराठी),general.title,ui_common,Progressive Muscle Relaxation,संपर्क आणि सुरक्षा पडताळणी,needs native review,,,,
mr,Marathi (मराठी),general.subtitle,ui_common,Test your microphone and pick a soothing voice for audio narration.,AES-256-GCM द्वारे सुरक्षितपणे एन्क्रिप्ट केले जाते. केवळ आपत्कालीन मदतीसाठी वापरले जाते.,needs native review,,,,
mr,Marathi (मराठी),general.mascotGuide,ui_common,Let us make sure we can talk comfortably. Test your mic and pick a voice you find relaxing.,तुमची माहिती पूर्णपणे सुरक्षित ठेवली जाते. ती कधीही AI मॉडेलला पाठवली जात नाही.,needs native review,,,,
mr,Marathi (मराठी),general.emailLabel,ui_common,Email Address,ईमेल पत्ता,needs native review,,,,
mr,Marathi (मराठी),general.phoneLabel,ui_common,Mobile Phone (+91),मोबाईल नंबर (+91),needs native review,,,,
mr,Marathi (मराठी),general.consentCheckbox,ui_common,"I consent to the secure, encrypted storage of my contact details for safety check-ins and emergency helpline referrals.",सुरक्षा तपासणी आणि आपत्कालीन मदतीसाठी माझी संपर्क माहिती सुरक्षित ठेवण्यास माझी संमती आहे.,needs native review,,,,
mr,Marathi (मराठी),general.consentDetails,ui_common,"Under the DPDP Act 2023, your data is AES-256-GCM encrypted server-side with zero plaintext access. You can permanently delete your data at any time.",DPDP कायदा २०२३ नुसार तुमचा डेटा AES-256-GCM एन्क्रिप्शनने सुरक्षित आहे. तुम्ही तो कधीही हटवू शकता.,needs native review,,,,
mr,Marathi (मराठी),general.sendOtp,ui_common,Send Verification OTP,पडताळणी OTP पाठवा,needs native review,,,,
mr,Marathi (मराठी),general.resendOtp,ui_common,Resend Code,कोड पुन्हा पाठवा,needs native review,,,,
mr,Marathi (मराठी),general.otpPlaceholder,ui_common,Enter 6-digit OTP,६ अंकी OTP टाका,needs native review,,,,
mr,Marathi (मराठी),general.verifyOtp,ui_common,Verify Code,कोड तपासा,needs native review,,,,
mr,Marathi (मराठी),general.otpVerifiedSuccess,ui_common,Contact verified successfully!,संपर्क यशस्वीरीत्या तपासला गेला!,needs native review,,,,
mr,Marathi (मराठी),general.encryptionNotice,ui_common,AES-256-GCM Server-side Keyed Encryption with HMAC-SHA256 indexing,AES-256-GCM एन्क्रिप्शन आणि HMAC-SHA256 कीड इंडेक्सिंग,needs native review,,,,
mr,Marathi (मराठी),general.neverSentToLlm,ui_common,Guaranteed: Contact info and original media are strictly isolated from the AI chat model.,हमी: संपर्क माहिती किंवा फोटो कधीही AI चॅट मॉडेलला पाठवले जात नाहीत.,needs native review,,,,
mr,Marathi (मराठी),general.title,ui_common,Progressive Muscle Relaxation,तुमचा अवतार निवडा (पर्यायी),needs native review,,,,
mr,Marathi (मराठी),general.subtitle,ui_common,Test your microphone and pick a soothing voice for audio narration.,"फोटो अपलोड करा, कॅमेरा वापरा किंवा आमचा अवतार निवडा.",needs native review,,,,
mr,Marathi (मराठी),general.mascotGuide,ui_common,Let us make sure we can talk comfortably. Test your mic and pick a voice you find relaxing.,तुम्हाला तुमचा अवतार सजवायचा आहे का? तुम्ही फोटो जोडू शकता किंवा हा टप्पा वगळू शकता.,needs native review,,,,
mr,Marathi (मराठी),general.uploadButton,ui_common,Upload Image,फोटो अपलोड करा,needs native review,,,,
mr,Marathi (मराठी),general.cameraButton,ui_common,Open Camera,कॅमेरा उघडा,needs native review,,,,
mr,Marathi (मराठी),general.takePhoto,ui_common,Take Photo,फोटो काढा,needs native review,,,,
mr,Marathi (मराठी),general.retake,ui_common,Retake,पुन्हा काढा,needs native review,,,,
mr,Marathi (मराठी),general.clientSideNotice,ui_common,Client-side only: Photos are kept strictly in your local browser and never sent to external LLMs.,"केवळ तुमच्या ब्राउझरमध्ये: फोटो तुमच्या डिव्हाइसवरच राहतो, सर्व्हरवर जात नाही.",needs native review,,,,
mr,Marathi (मराठी),general.skipNotice,ui_common,You can skip this step anytime and use our default soothing avatar.,तुम्ही हा टप्पा वगळून आमचा नेहमीचा अवतार वापरू शकता.,needs native review,,,,
mr,Marathi (मराठी),general.title,ui_common,Progressive Muscle Relaxation,आवाज आणि ऑडिओ सेटअप (पर्यायी),needs native review,,,,
mr,Marathi (मराठी),general.subtitle,ui_common,Test your microphone and pick a soothing voice for audio narration.,माईक तपासा आणि संवादासाठी एक शांत आवाज निवडा.,needs native review,,,,
mr,Marathi (मराठी),general.mascotGuide,ui_common,Let us make sure we can talk comfortably. Test your mic and pick a voice you find relaxing.,आपण सहज बोलू शकू यासाठी माईक तपासा आणि तुम्हाला आवडणारा आवाज निवडा.,needs native review,,,,
mr,Marathi (मराठी),general.micTestButton,ui_common,Test Microphone,मायक्रोफोन तपासा,needs native review,,,,
mr,Marathi (मराठी),general.micTesting,ui_common,Listening for audio...,आवाज ऐकला जात आहे...,needs native review,,,,
mr,Marathi (मराठी),general.micGranted,ui_common,Microphone Connected & Verified!,मायक्रोफोन जोडला गेला!,needs native review,,,,
mr,Marathi (मराठी),general.voiceSelectLabel,ui_common,Companion Voice Timbre,मित्राचा आवाज,needs native review,,,,
mr,Marathi (मराठी),general.playPreview,ui_common,Listen to Voice Sample,आवाज ऐकून पहा,needs native review,,,,
mr,Marathi (मराठी),general.finishButton,ui_common,Complete Setup & Enter Chat,सेटअप पूर्ण करा आणि संवाद सुरू करा,needs native review,,,,
mr,Marathi (मराठी),general.teleManasLabel,ui_common,Tele-MANAS National Helpline,टेली-मानस राष्ट्रीय हेल्पलाईन,needs native review,,,,
mr,Marathi (मराठी),general.teleManasNumber,ui_common,14416,14416,needs native review,,,,
mr,Marathi (मराठी),general.teleManasDesc,ui_common,"24/7 Free, confidential government tele-mental health support across 20+ Indian languages (Toll-Free: 1800-891-4416).","भारत सरकारची २४/७ मोफत, गोपनीय मानसिक आरोग्य हेल्पलाईन (टोल-फ्री: 1800-891-4416).",needs native review,,,,
mr,Marathi (मराठी),general.emergencyLabel,ui_common,National Emergency Services,राष्ट्रीय आपत्कालीन सेवा,needs native review,,,,
mr,Marathi (मराठी),general.emergencyNumber,ui_common,112,112,needs native review,,,,
mr,Marathi (मराठी),general.childlineLabel,ui_common,Childline India (Under 18),चाईल्डलाईन इंडिया (१८ वर्षांखालील),needs native review,,,,
mr,Marathi (मराठी),general.childlineNumber,ui_common,1098,1098,needs native review,,,,
mr,Marathi (मराठी),general.childlineDesc,ui_common,24/7 Dedicated toll-free emergency helpline for children and adolescents.,लहान मुले आणि किशोरवयीन मुलांसाठी २४/७ मोफत आपत्कालीन मदत.,needs native review,,,,
mr,Marathi (मराठी),general.crisisWarning,crisis_helpline,"If you are experiencing severe distress or thoughts of self-harm, please connect with a live counselor immediately.",जर तुम्ही तीव्र मानसिक तणावात असाल तर कृपया ताबडतोब एखाद्या समुपदेशकाशी बोला.,needs native review,,,,
mr,Marathi (मराठी),general.title,ui_common,Progressive Muscle Relaxation,बॉक्स ब्रीदिंग (सम वृत्ती प्राणायाम),needs native review,,,,
mr,Marathi (मराठी),general.description,ui_common,Systematically release physical tension stored in the body from stress.,मज्जासंस्थेला शांत करण्यासाठी आणि ताण कमी करण्यासाठी वैज्ञानिक श्वास व्यायाम.,needs native review,,,,
mr,Marathi (मराठी),general.title,ui_common,Progressive Muscle Relaxation,५-४-३-२-१ ग्राउंडिंग पद्धत,needs native review,,,,
mr,Marathi (मराठी),general.description,ui_common,Systematically release physical tension stored in the body from stress.,अतिचिंतेच्या वेळी वर्तमानात परत येण्यासाठी एक प्रभावी पद्धत.,needs native review,,,,
mr,Marathi (मराठी),general.title,ui_common,Progressive Muscle Relaxation,प्रोग्रेसिव्ह मसल रिलॅक्सेशन (PMR),needs native review,,,,
mr,Marathi (मराठी),general.description,ui_common,Systematically release physical tension stored in the body from stress.,ताणामुळे स्नायूंमध्ये आलेला कडकपणा हळूहळू कमी करण्याचा व्यायाम.,needs native review,,,,
mr,Marathi (मराठी),general.term,ui_common,Cognitive Reframing,चिंता (Anxiety),needs native review,,,,
mr,Marathi (मराठी),general.translation,ui_common,Cognitive Reframing,चिंता / भीती,needs native review,,,,
mr,Marathi (मराठी),general.definition,ui_common,A core CBT practice of identifying distorted thought patterns and viewing situations from a balanced perspective.,"भविष्याबद्दल सतत वाटणारी भीती, अस्वस्थता किंवा छातीत धडधडणे.",needs native review,,,,
mr,Marathi (मराठी),general.vernacularContext,ui_common,Shifting from ,"छातीवर दडपण येणे, सतत वाईट विचार येणे.",needs native review,,,,
mr,Marathi (मराठी),general.term,ui_common,Cognitive Reframing,उदासीनता (Depression),needs native review,,,,
mr,Marathi (मराठी),general.translation,ui_common,Cognitive Reframing,उदासीनता / नैराश्य,needs native review,,,,
mr,Marathi (मराठी),general.definition,ui_common,A core CBT practice of identifying distorted thought patterns and viewing situations from a balanced perspective.,"सतत दुःख वाटणे, कशातही रस न उरणे आणि ऊर्जेचा अभाव.",needs native review,,,,
mr,Marathi (मराठी),general.vernacularContext,ui_common,Shifting from ,"आत काहीच उरले नाही असे वाटणे, साधी कामे करायलाही उत्साह नसणे.",needs native review,,,,
mr,Marathi (मराठी),general.term,ui_common,Cognitive Reframing,अति ताण (Overwhelm),needs native review,,,,
mr,Marathi (मराठी),general.translation,ui_common,Cognitive Reframing,मानसिक ताण,needs native review,,,,
mr,Marathi (मराठी),general.definition,ui_common,A core CBT practice of identifying distorted thought patterns and viewing situations from a balanced perspective.,अभ्यास किंवा जबाबदाऱ्यांमुळे मनावर असह्य ओझे वाटणे.,needs native review,,,,
mr,Marathi (मराठी),general.vernacularContext,ui_common,Shifting from ,डोक्यावर खूप मोठा भार असल्यासारखे वाटणे.,needs native review,,,,
mr,Marathi (मराठी),general.term,ui_common,Cognitive Reframing,ताण निवारण मार्ग (Coping Mechanism),needs native review,,,,
mr,Marathi (मराठी),general.translation,ui_common,Cognitive Reframing,उपाय,needs native review,,,,
mr,Marathi (मराठी),general.definition,ui_common,A core CBT practice of identifying distorted thought patterns and viewing situations from a balanced perspective.,ताणावर मात करण्याचे निरोगी मार्ग.,needs native review,,,,
mr,Marathi (मराठी),general.vernacularContext,ui_common,Shifting from ,"दीर्घ श्वास, डायरी लिहिणे किंवा जवळच्या मित्रांशी बोलणे.",needs native review,,,,
mr,Marathi (मराठी),general.term,ui_common,Cognitive Reframing,सकारात्मक दृष्टिकोन (Cognitive Reframing),needs native review,,,,
mr,Marathi (मराठी),general.translation,ui_common,Cognitive Reframing,विचारांची फेररचना,needs native review,,,,
mr,Marathi (मराठी),general.definition,ui_common,A core CBT practice of identifying distorted thought patterns and viewing situations from a balanced perspective.,नकारात्मक विचारांऐवजी समतोल दृष्टिकोन स्वीकारणे.,needs native review,,,,
mr,Marathi (मराठी),general.userMessage,ui_common,Everything feels completely meaningless and I feel like disappearing.,"कट-ऑफ पार झाला नाही, मला स्वतःचा खूप राग येतोय आणि मी वाया गेलोय असे वाटते.",needs native review,,,,
mr,Marathi (मराठी),general.recommendedReply,ui_common,"I hear how unbearable this weight is right now, and I care deeply about your safety. You do not have to carry this alone. Please reach out right now to Tele-MANAS at 14416 (toll-free 24/7) or call 112. There are compassionate counselors ready to listen and support you through tonight.",इतका अभ्यास केल्यानंतर मनासारखा निकाल न लागल्यास दुःख होणे अगदी स्वाभाविक आहे. पण एका परीक्षेचे गुण तुमची क्षमता किंवा तुमचे भविष्य ठरवू शकत नाहीत. सध्या तुम्हाला मनावर जे सर्वात जड वाटतेय त्याबद्दल आपण बोलूया का?,needs native review,,,,
mr,Marathi (मराठी),general.strategyUsed,ui_common,crisis_intervention,validate_and_reframe,needs native review,,,,
mr,Marathi (मराठी),general.userMessage,ui_common,Everything feels completely meaningless and I feel like disappearing.,"आज रात्री झोप येत नाहीये, शांत झोपेसाठी ३ सोप्या गोष्टी सांगा.",needs native review,,,,
mr,Marathi (मराठी),general.recommendedReply,ui_common,"I hear how unbearable this weight is right now, and I care deeply about your safety. You do not have to carry this alone. Please reach out right now to Tele-MANAS at 14416 (toll-free 24/7) or call 112. There are compassionate counselors ready to listen and support you through tonight.",आज रात्री शांत झोपेसाठी या ३ सोप्या गोष्टी करा: १) झोपण्यापूर्वी ३० मिनिटे फोन दूर ठेवा आणि खोलीतील प्रकाश मंद करा. २) उद्याची २ महत्त्वाची कामे कागदावर लिहून ठेवा म्हणजे डोक्यातील विचार कमी होतील. ३) अंथरुणावर पडून ५ वेळा पोटाने दीर्घ श्वास घ्या आणि सोडा.,needs native review,,,,
mr,Marathi (मराठी),general.strategyUsed,ui_common,crisis_intervention,small_action_step,needs native review,,,,
mr,Marathi (मराठी),general.userMessage,ui_common,Everything feels completely meaningless and I feel like disappearing.,"मला आता जगायचेच नाहीये, सगळे संपवून टाकावेसे वाटते.",needs native review,,,,
mr,Marathi (मराठी),general.recommendedReply,ui_common,"I hear how unbearable this weight is right now, and I care deeply about your safety. You do not have to carry this alone. Please reach out right now to Tele-MANAS at 14416 (toll-free 24/7) or call 112. There are compassionate counselors ready to listen and support you through tonight.",तुम्हाला या क्षणी होणाऱ्या वेदना किती तीव्र आहेत याची मला जाणीव आहे. पण तुम्ही एकटे नाही आहात. कृपया लगेचच भारत सरकारच्या २४/७ मोफत टेली-मानस हेल्पलाईन १४४१६ वर किंवा ११२ वर कॉल करा. तिथे अनुभवी समुपदेशक तुमच्या मदतीसाठी सदैव उपलब्ध आहेत.,needs native review,,,,
mr,Marathi (मराठी),general.strategyUsed,ui_common,crisis_intervention,crisis_intervention,needs native review,,,,
